ID,BUILDING,FLOOR,LOC_X,LOC_Y,MAG_X,MAG_Y,MAG_Z,G
1,IBSS,5,0,0,0,25.828617,-28.685183,9.806577
2,IBSS,5,1,0,0,30.582264,-26.536137,9.80663
3,IBSS,5,2,0,-0.000001,27.197075,-23.733107,9.806599
4,IBSS,5,3,0,-0.000001,29.218052,-22.29553,9.806585
5,IBSS,5,4,0,0,24.842531,-22.799934,9.806636
6,IBSS,5,5,0,0,28.575375,-20.265488,9.806549
7,IBSS,5,6,0,-0.000001,31.676973,-25.566601,9.806592
8,IBSS,5,7,0,0,33.136116,-28.817413,9.80656
9,IBSS,5,8,0,-0.000001,31.638348,-29.528578,9.806632
10,IBSS,5,9,0,0,31.452923,-30.999039,9.806559
11,IBSS,5,10,0,0,29.899551,-31.762743,9.806552
12,IBSS,5,11,0,0,28.95252,-31.688454,9.806611
13,IBSS,5,12,0,0,26.558552,-27.970877,9.806623
14,IBSS,5,13,0,0,27.55983,-29.392389,9.806615
15,IBSS,5,14,0,0,25.084644,-29.663261,9.806615
16,IBSS,5,15,0,0,25.486389,-28.333096,9.806556
17,IBSS,5,16,0,-0.000001,31.683157,-31.746216,9.80659
18,IBSS,5,17,0,0,31.728256,-30.79236,9.806594
19,IBSS,5,18,0,0,35.823601,-27.998213,9.806606
20,IBSS,5,19,0,0,35.67548,-29.499517,9.806569
21,IBSS,5,20,0,-0.000001,36.218399,-22.355122,9.806568
22,IBSS,5,21,0,0,39.094856,-25.108644,9.80658
23,IBSS,5,22,0,0,38.263607,-26.381336,9.8066
24,IBSS,5,23,0,-0.000001,37.187706,-27.055353,9.806592
25,IBSS,5,24,0,0,36.71767,-25.518764,9.80657
26,IBSS,5,25,0,-0.000001,34.839104,-27.27017,9.806557
27,IBSS,5,26,0,0,34.571606,-26.850851,9.806615
28,IBSS,5,27,0,-0.000001,32.630138,-26.246071,9.806582
29,IBSS,5,28,0,-0.000002,33.839809,-25.784641,9.80664
30,IBSS,5,29,0,0,31.771179,-26.737705,9.806648
31,IBSS,5,30,0,0,32.206108,-25.159044,9.806604
32,IBSS,5,31,0,0.000001,32.310421,-24.285849,9.806559
33,IBSS,5,32,0,0,36.969707,-24.038925,9.806554
34,IBSS,5,33,0,0,33.420116,-25.87368,9.806596
35,IBSS,5,34,0,0,32.244804,-28.220028,9.806571
36,IBSS,5,35,0,0,30.698557,-26.096748,9.806606
37,IBSS,5,36,0,0,32.875427,-23.19001,9.806642
38,IBSS,5,37,0,0,34.692665,-22.369003,9.806588
39,IBSS,5,38,0,0,35.927513,-22.549582,9.806617
40,IBSS,5,39,0,0,38.410297,-22.916216,9.806623
41,IBSS,5,40,0,0,37.038502,-24.665281,9.806629
42,IBSS,5,41,0,-0.000001,33.872208,-26.751341,9.806584
43,IBSS,5,42,0,0,30.050575,-28.265034,9.806602
44,IBSS,5,43,0,0,33.001839,-26.402973,9.806586
45,IBSS,5,44,0,0,36.323528,-28.839464,9.806624
46,IBSS,5,45,0,0,34.536999,-33.057247,9.806595
47,IBSS,5,46,0,-0.000001,34.160286,-35.75613,9.806611
48,IBSS,5,47,0,0,33.802811,-38.788776,9.806645
49,IBSS,5,48,0,0,27.571014,-40.213486,9.806563
50,IBSS,5,49,0,0,24.459059,-38.277321,9.806571
51,IBSS,5,50,0,0,23.622116,-36.042934,9.806639
52,IBSS,5,0,1,0,24.219872,-33.254749,9.806585
53,IBSS,5,1,1,0,25.49568,-31.596292,9.806618
54,IBSS,5,2,1,0,23.190363,-31.898642,9.806566
55,IBSS,5,3,1,0,23.465971,-28.313753,9.806579
56,IBSS,5,4,1,0,22.755148,-25.359833,9.80658
57,IBSS,5,5,1,0,26.025284,-24.927414,9.806605
58,IBSS,5,6,1,0,28.18396,-27.579651,9.806574
59,IBSS,5,7,1,0,29.251375,-31.603951,9.806637
60,IBSS,5,8,1,0,27.973112,-33.972206,9.806577
61,IBSS,5,9,1,0,25.346596,-36.435242,9.806593
62,IBSS,5,10,1,0,24.629995,-32.368607,9.806579
63,IBSS,5,11,1,0,25.928249,-32.062183,9.806613
64,IBSS,5,12,1,0,25.91433,-32.408798,9.80662
65,IBSS,5,13,1,-0.000001,26.669516,-33.754032,9.80657
66,IBSS,5,14,1,0,21.96121,-33.084553,9.806577
67,IBSS,5,15,1,0,22.055813,-28.644407,9.80656
68,IBSS,5,16,1,0,26.458237,-25.100903,9.806621
69,IBSS,5,17,1,0,29.711199,-23.405029,9.806573
70,IBSS,5,18,1,0,35.669697,-25.46521,9.80654
71,IBSS,5,19,1,0,33.909924,-27.932323,9.806578
72,IBSS,5,20,1,0,38.95153,-26.593607,9.806551
73,IBSS,5,21,1,0,41.135727,-29.989914,9.806572
74,IBSS,5,22,1,0,38.38208,-31.606148,9.806586
75,IBSS,5,23,1,0,37.789852,-28.761507,9.806564
76,IBSS,5,24,1,0,37.577217,-26.96945,9.806584
77,IBSS,5,25,1,0,36.674866,-28.11204,9.806545
78,IBSS,5,26,1,0,33.038189,-28.03014,9.806615
79,IBSS,5,27,1,0,30.82107,-26.958649,9.806626
80,IBSS,5,28,1,0,30.758976,-28.318819,9.806619
81,IBSS,5,29,1,0,27.606689,-27.935888,9.806596
82,IBSS,5,30,1,0,27.054947,-26.425133,9.806619
83,IBSS,5,31,1,0,30.461872,-25.643442,9.806624
84,IBSS,5,32,1,0,33.113953,-22.913507,9.806545
85,IBSS,5,33,1,0,36.215679,-26.813791,9.806561
86,IBSS,5,34,1,0,32.735397,-28.47044,9.806547
87,IBSS,5,35,1,0,30.658306,-25.278954,9.806565
88,IBSS,5,36,1,0,30.361195,-23.327049,9.806558
89,IBSS,5,37,1,0,32.216824,-19.584114,9.806559
90,IBSS,5,38,1,0,37.648544,-20.705929,9.806637
91,IBSS,5,39,1,0,35.59166,-27.469713,9.806552
92,IBSS,5,40,1,0,32.789165,-27.479315,9.806552
93,IBSS,5,41,1,0,31.504547,-24.428038,9.806635
94,IBSS,5,42,1,0,32.353569,-24.795824,9.806564
95,IBSS,5,43,1,0,31.342882,-26.878466,9.806583
96,IBSS,5,44,1,0,34.570107,-28.588562,9.80659
97,IBSS,5,45,1,0,33.332191,-31.822758,9.806585
98,IBSS,5,46,1,0,30.584991,-31.31674,9.806592
99,IBSS,5,47,1,0,34.089863,-34.473644,9.806548
100,IBSS,5,48,1,0,30.80946,-37.591557,9.806595
101,IBSS,5,49,1,0,27.863359,-38.757465,9.806606
102,IBSS,5,50,1,0.000004,32.200165,-32.015266,9.806541
103,IBSS,5,0,2,0,36.093811,-45.334072,9.806613
104,IBSS,5,1,2,0.000001,24.221413,-42.883369,9.806559
105,IBSS,5,2,2,0,21.45437,-34.285095,9.806555
106,IBSS,5,3,2,0,21.896179,-29.075043,9.806581
107,IBSS,5,4,2,0,24.784189,-30.93166,9.806555
108,IBSS,5,5,2,0,31.708841,-15.615825,9.806598
109,IBSS,5,6,2,0.000001,44.414948,-20.499434,9.80662
110,IBSS,5,7,2,0,23.078764,-34.393169,9.806608
111,IBSS,5,8,2,0,40.644558,-37.516411,9.806552
112,IBSS,5,9,2,0.000001,30.563299,-51.690353,9.806615
113,IBSS,5,10,2,0,29.468605,-36.899937,9.806579
114,IBSS,5,11,2,0,30.328215,-36.149647,9.806556
115,IBSS,5,12,2,0,27.652187,-37.584911,9.806628
116,IBSS,5,13,2,0,21.055853,-32.332001,9.806637
117,IBSS,5,14,2,0,14.309853,-44.906956,9.806549
118,IBSS,5,15,2,0,21.593742,-28.637472,9.806605
119,IBSS,5,16,2,0,22.539684,-24.843609,9.806641
120,IBSS,5,17,2,0,27.357645,-16.091673,9.806646
121,IBSS,5,18,2,0,44.798698,-28.673662,9.806584
122,IBSS,5,19,2,0,26.057043,-32.876534,9.806551
123,IBSS,5,20,2,0,40.437012,-35.732838,9.80662
124,IBSS,5,21,2,0,49.279373,-36.960716,9.806547
125,IBSS,5,22,2,0,38.877151,-49.28334,9.806623
126,IBSS,5,23,2,0,32.694195,-46.591507,9.806539
127,IBSS,5,24,2,0,35.524475,-30.276133,9.806586
128,IBSS,5,25,2,0,33.656586,-25.280689,9.806551
129,IBSS,5,26,2,0,37.001846,-35.454144,9.8066
130,IBSS,5,27,2,0,33.362408,-38.02113,9.806588
131,IBSS,5,28,2,0,27.253853,-34.528534,9.806564
132,IBSS,5,29,2,0.000001,20.862305,-33.338966,9.80658
133,IBSS,5,30,2,0,24.023876,-20.943327,9.806627
134,IBSS,5,31,2,0,26.036201,-12.963249,9.806644
135,IBSS,5,32,2,0,36.423721,-13.96549,9.806593
136,IBSS,5,33,2,0,39.757011,-28.670286,9.806605
137,IBSS,5,34,2,0,27.841061,-22.23201,9.806582
138,IBSS,5,35,2,0,22.204405,-15.759282,9.806554
139,IBSS,5,37,2,0,31.629944,-19.395348,9.806598
140,IBSS,5,38,2,0,51.820202,-29.100342,9.806562
141,IBSS,5,39,2,0,45.059082,-22.699453,9.806613
142,IBSS,5,40,2,-0.000001,39.433876,-34.956566,9.806596
143,IBSS,5,41,2,0,25.67938,-31.916502,9.806558
144,IBSS,5,42,2,0,19.887413,-19.283823,9.806641
145,IBSS,5,43,2,-0.000002,33.972126,-23.827993,9.806629
146,IBSS,5,44,2,0.000002,31.104137,-25.629374,9.806628
147,IBSS,5,45,2,0,35.190037,-28.268192,9.806633
148,IBSS,5,46,2,0,34.517727,-33.02507,9.806598
149,IBSS,5,46,2,0,34.791405,-33.302113,9.806605
150,IBSS,5,47,2,0,34.785294,-34.456818,9.806572
151,IBSS,5,48,2,0.000001,32.613281,-38.761326,9.806603
152,IBSS,5,49,2,0,32.335823,-43.435795,9.806584
153,IBSS,5,50,2,0,29.96273,-45.01918,9.806552
154,IBSS,5,0,3,0,31.904808,-33.05933,9.806606
155,IBSS,5,1,3,0,24.066446,-36.795166,9.806648
156,IBSS,5,2,3,0,25.049231,-32.690861,9.806633
157,IBSS,5,3,3,0,24.653143,-31.022421,9.806575
158,IBSS,5,4,3,0,24.421808,-28.19389,9.80662
159,IBSS,5,5,3,0,25.887384,-28.085382,9.806577
160,IBSS,5,6,3,0,25.284134,-28.608582,9.806548
161,IBSS,5,7,3,0,26.394014,-29.769306,9.806579
162,IBSS,5,8,3,0,27.938993,-32.493908,9.806576
163,IBSS,5,9,3,0,27.085972,-35.133038,9.806569
164,IBSS,5,10,3,0,26.493473,-36.536503,9.806546
165,IBSS,5,11,3,0,27.057077,-36.069824,9.806583
166,IBSS,5,12,3,0,27.015984,-36.099197,9.80663
167,IBSS,5,13,3,0,27.249435,-35.023701,9.806612
168,IBSS,5,14,3,0,25.763414,-34.29377,9.806629
169,IBSS,5,15,3,0,26.699104,-31.97823,9.806601
170,IBSS,5,16,3,0,28.607677,-30.251278,9.806581
171,IBSS,5,17,3,0,30.742672,-28.311634,9.806567
172,IBSS,5,18,3,0,33.580662,-27.268398,9.806553
173,IBSS,5,19,3,0,35.319447,-27.666143,9.806635
174,IBSS,5,20,3,0,37.766254,-27.244968,9.806612
175,IBSS,5,21,3,0,39.659233,-27.120842,9.806556
176,IBSS,5,22,3,0,42.076134,-28.548441,9.80655
177,IBSS,5,23,3,0,42.018147,-28.81567,9.80661
178,IBSS,5,24,3,0,42.013622,-28.52055,9.806605
179,IBSS,5,25,3,0,37.385426,-27.993954,9.806563
180,IBSS,5,26,3,0,35.024067,-25.650784,9.806603
181,IBSS,5,27,3,0,32.36525,-24.415634,9.806584
182,IBSS,5,28,3,0,30.219036,-23.133812,9.806556
183,IBSS,5,29,3,0,28.835968,-23.754002,9.806588
184,IBSS,5,30,3,0,28.003725,-24.296719,9.80662
185,IBSS,5,31,3,0,27.611462,-25.164728,9.806598
186,IBSS,5,32,3,0,29.181273,-24.584763,9.806597
187,IBSS,5,33,3,0,30.423553,-26.616211,9.806598
188,IBSS,5,34,3,0,30.251543,-28.117645,9.806573
189,IBSS,5,35,3,0,30.014509,-27.423403,9.806581
190,IBSS,5,36,3,0,30.640913,-27.560196,9.806566
191,IBSS,5,37,3,0,30.605251,-28.70265,9.806614
192,IBSS,5,38,3,-0.000001,30.862032,-29.026323,9.806606
193,IBSS,5,39,3,0,29.973267,-30.842625,9.806605
194,IBSS,5,40,3,0,30.267513,-31.136717,9.806556
195,IBSS,5,41,3,0,29.594898,-31.625635,9.806555
196,IBSS,5,42,3,0,29.040911,-31.695028,9.806588
197,IBSS,5,43,3,0,30.743193,-32.82275,9.806619
198,IBSS,5,44,3,0,29.662428,-34.19212,9.806595
199,IBSS,5,45,3,-0.000001,31.046389,-33.40221,9.806575
200,IBSS,5,46,3,0,32.435867,-34.86504,9.80662
201,IBSS,5,47,3,0.000001,32.222782,-37.185303,9.806627
202,IBSS,5,48,3,0.000001,32.151176,-37.807198,9.806553
203,IBSS,5,49,3,-0.000001,30.781631,-39.268097,9.806603
204,IBSS,5,50,3,0.000001,28.596581,-40.107925,9.806582
205,IBSS,5,0,4,0,28.900915,-36.119308,9.806587
206,IBSS,5,1,4,0,27.556376,-37.071217,9.806594
207,IBSS,5,2,4,0,25.674959,-36.148556,9.806561
208,IBSS,5,3,4,0,23.979265,-33.649952,9.806577
209,IBSS,5,4,4,0,23.401405,-32.655266,9.806594
210,IBSS,5,5,4,0,24.482492,-30.852444,9.806562
211,IBSS,5,6,4,0,24.411781,-31.909945,9.806606
212,IBSS,5,7,4,0,25.332956,-32.288181,9.806602
213,IBSS,5,8,4,0,26.891569,-34.847038,9.806539
214,IBSS,5,9,4,0,28.335794,-38.933346,9.80656
215,IBSS,5,10,4,0,26.368034,-39.89151,9.806598
216,IBSS,5,11,4,0.000001,26.995958,-38.999344,9.806591
217,IBSS,5,12,4,0,27.023567,-38.606293,9.806588
218,IBSS,5,13,4,0,26.526327,-35.439075,9.806553
219,IBSS,5,14,4,0,25.749678,-33.392799,9.806551
220,IBSS,5,15,4,0,27.097414,-31.399448,9.806622
221,IBSS,5,16,4,0,27.708111,-30.654879,9.806633
222,IBSS,5,17,4,0,28.574903,-28.249418,9.806602
223,IBSS,5,18,4,0,30.260387,-25.138988,9.80662
224,IBSS,5,19,4,0,32.743084,-24.178049,9.806573
225,IBSS,5,20,4,0,35.875748,-24.069908,9.806562
226,IBSS,5,21,4,0,37.618675,-25.534748,9.80656
227,IBSS,5,22,4,0,39.149517,-26.050863,9.80663
228,IBSS,5,23,4,0,40.540821,-26.97794,9.806625
229,IBSS,5,24,4,0,40.606178,-29.013025,9.806547
230,IBSS,5,25,4,0,37.04731,-27.885521,9.806625
231,IBSS,5,26,4,0,34.210548,-25.337452,9.806557
232,IBSS,5,27,4,0,31.468489,-22.068514,9.806627
233,IBSS,5,28,4,0,29.570784,-22.000584,9.806564
234,IBSS,5,29,4,0,29.104134,-22.453434,9.806602
235,IBSS,5,30,4,0,29.683332,-24.303452,9.806644
236,IBSS,5,31,4,0,28.578667,-25.802475,9.806552
237,IBSS,5,32,4,0,28.665779,-25.456676,9.806615
238,IBSS,5,33,4,0,30.789782,-26.053228,9.806579
239,IBSS,5,34,4,0,29.363733,-29.473934,9.806631
240,IBSS,5,35,4,0,29.781424,-29.965219,9.806567
241,IBSS,5,36,4,0.000001,31.007147,-40.755825,9.806564
242,IBSS,5,37,4,0.000001,31.015291,-40.394695,9.806603
243,IBSS,5,38,4,0,30.585575,-42.289074,9.806567
244,IBSS,5,39,4,0.000001,27.123447,-42.861858,9.806604
245,IBSS,5,40,4,0,25.296589,-41.710457,9.806565
246,IBSS,5,41,4,0,24.232098,-41.66473,9.806623
247,IBSS,5,42,4,0,25.69891,-42.926262,9.806637
248,IBSS,5,43,4,0,24.499352,-43.064728,9.806588
249,IBSS,5,44,4,0,28.12002,-37.641853,9.80663
250,IBSS,5,45,4,0,29.823648,-37.744453,9.806559
251,IBSS,5,46,4,0.000001,31.516251,-38.840458,9.806616
252,IBSS,5,47,4,0,32.6912,-40.524792,9.806583
253,IBSS,5,48,4,-0.000001,32.897938,-42.392223,9.806632
254,IBSS,5,49,4,0,30.614843,-43.587029,9.80664
255,IBSS,5,50,4,-0.000001,29.089251,-41.13781,9.806608
256,IBSS,5,0,5,0,31.609804,-31.907207,9.806589
257,IBSS,5,1,5,0,30.738632,-33.725914,9.806636
258,IBSS,5,2,5,0,28.772911,-32.034195,9.806561
259,IBSS,5,3,5,0,26.104927,-31.488243,9.806617
260,IBSS,5,4,5,0,25.761154,-30.341667,9.806575
261,IBSS,5,5,5,0,25.778265,-29.743509,9.806635
262,IBSS,5,6,5,0,25.838484,-31.654041,9.806612
263,IBSS,5,7,5,0,27.261873,-32.024117,9.80663
264,IBSS,5,8,5,0,29.134336,-34.999653,9.806551
265,IBSS,5,9,5,0,31.381336,-38.460579,9.806577
266,IBSS,5,10,5,0,31.1563,-42.476048,9.806634
267,IBSS,5,11,5,0,31.266718,-42.021271,9.806613
268,IBSS,5,12,5,0,31.282528,-41.058231,9.80665
269,IBSS,5,13,5,0,31.638062,-40.004997,9.806627
270,IBSS,5,14,5,0,29.898197,-37.929115,9.806553
271,IBSS,5,15,5,0,29.212093,-36.226517,9.806622
272,IBSS,5,16,5,0,30.24803,-32.959518,9.806611
273,IBSS,5,17,5,0,30.972986,-30.927435,9.806644
274,IBSS,5,18,5,0,31.823284,-27.993881,9.806551
275,IBSS,5,19,5,0,33.892639,-25.568159,9.806558
276,IBSS,5,20,5,0,36.681763,-25.282211,9.806569
277,IBSS,5,21,5,0,39.337124,-26.449263,9.806575
278,IBSS,5,22,5,0,39.569504,-28.448015,9.806566
279,IBSS,5,23,5,0,42.388847,-28.845543,9.806606
280,IBSS,5,24,5,0,41.965084,-29.883213,9.806551
281,IBSS,5,25,5,0,40.335392,-28.285898,9.806566
282,IBSS,5,26,5,0,37.915035,-26.260208,9.806555
283,IBSS,5,27,5,0,34.556171,-23.491686,9.806572
284,IBSS,5,28,5,0,31.788927,-23.062571,9.806638
285,IBSS,5,29,5,0,31.952101,-24.318222,9.806581
286,IBSS,5,30,5,0,32.065228,-25.953402,9.80655
287,IBSS,5,31,5,0,30.523239,-26.380768,9.806607
288,IBSS,5,32,5,0,31.514074,-28.207859,9.806577
289,IBSS,5,33,5,0,32.242104,-28.886992,9.806575
290,IBSS,5,34,5,0,33.56284,-30.905039,9.806601
291,IBSS,5,35,5,0,33.360252,-30.733603,9.806619
292,IBSS,5,36,5,0,33.967793,-33.887123,9.806569
293,IBSS,5,37,5,0,33.215343,-35.681244,9.806631
294,IBSS,5,38,5,0,31.816751,-37.202503,9.806572
295,IBSS,5,39,5,-0.000001,28.052347,-37.711842,9.806607
296,IBSS,5,40,5,0,24.686043,-38.037781,9.80663
297,IBSS,5,41,5,0,24.071955,-36.698334,9.806593
298,IBSS,5,42,5,0,26.159115,-35.748005,9.806576
299,IBSS,5,43,5,0,27.443949,-35.58213,9.806632
300,IBSS,5,44,5,0,28.529516,-35.259254,9.806588
301,IBSS,5,45,5,-0.000001,29.586662,-34.95863,9.806584
302,IBSS,5,46,5,0,31.443941,-35.554111,9.806638
303,IBSS,5,47,5,0,32.180607,-35.462162,9.806615
304,IBSS,5,48,5,0,33.880337,-38.210838,9.806556
305,IBSS,5,49,5,-0.000001,32.229248,-39.361092,9.80656
306,IBSS,5,50,5,0,30.523701,-38.702381,9.80657
307,IBSS,5,0,6,-0.000001,29.164804,-33.29895,9.806589
308,IBSS,5,1,6,-0.000001,35.517925,-31.045513,9.806597
309,IBSS,5,2,6,0.000001,83.557243,-17.740898,9.80658
310,IBSS,5,3,6,0,22.393328,-25.520973,9.806552
311,IBSS,5,4,6,0,23.56872,-32.124146,9.806549
312,IBSS,5,5,6,0,27.065601,-33.215328,9.806587
313,IBSS,5,6,6,0,26.295113,-34.058037,9.806571
314,IBSS,5,7,6,0,27.018204,-36.143715,9.806597
315,IBSS,5,8,6,0.000001,30.382914,-39.135132,9.806569
316,IBSS,5,9,6,0,31.761745,-43.535637,9.806602
317,IBSS,5,10,6,0,29.74087,-47.400883,9.806642
318,IBSS,5,11,6,0.000001,29.850559,-46.399956,9.806608
319,IBSS,5,12,6,0,29.965652,-43.82909,9.806605
320,IBSS,5,13,6,0,35.67046,-43.330276,9.806555
321,IBSS,5,14,6,0,40.784584,-41.516613,9.806626
322,IBSS,5,15,6,-0.000002,18.252926,-41.017982,9.80659
323,IBSS,5,16,6,0,21.931164,-31.381359,9.806632
324,IBSS,5,17,6,0,24.130047,-29.119812,9.806614
325,IBSS,5,18,6,0,25.194511,-23.891155,9.806638
326,IBSS,5,19,6,0,28.226849,-22.168808,9.806584
327,IBSS,5,20,6,0,33.022659,-21.699839,9.806572
328,IBSS,5,21,6,0,34.944653,-26.853336,9.806576
329,IBSS,5,22,6,0,37.809315,-26.209612,9.806555
330,IBSS,5,23,6,0,39.629089,-26.466816,9.806565
331,IBSS,5,24,6,0,42.147911,-29.713787,9.806544
332,IBSS,5,25,6,-0.000001,40.070644,-29.242252,9.806596
333,IBSS,5,26,6,0,38.703976,-27.308254,9.80656
334,IBSS,5,27,6,0,31.735895,-28.662453,9.806549
335,IBSS,5,28,6,0,26.765371,-27.778732,9.806594
336,IBSS,5,29,6,0,32.645878,-24.476801,9.806621
337,IBSS,5,30,6,0,31.567106,-23.874466,9.806615
338,IBSS,5,31,6,0,32.996147,-28.558811,9.806631
339,IBSS,5,32,6,0,32.613804,-28.496706,9.806555
340,IBSS,5,33,6,0,35.929039,-29.701286,9.806603
341,IBSS,5,34,6,0,36.252968,-32.187187,9.806551
342,IBSS,5,35,6,0,38.953743,-34.739487,9.806626
343,IBSS,5,36,6,0,41.519279,-39.948948,9.80659
344,IBSS,5,37,6,0,42.04187,-47.263691,9.806611
345,IBSS,5,38,6,0,34.440571,-57.649334,9.806547
346,IBSS,5,39,6,0,13.780042,-57.058334,9.806553
347,IBSS,5,40,6,0.000001,13.054213,-57.00396,9.806583
348,IBSS,5,41,6,0,22.447203,-39.115192,9.806592
349,IBSS,5,42,6,0,18.960682,-21.463821,9.806596
350,IBSS,5,43,6,0,25.04277,-31.336199,9.806605
351,IBSS,5,44,6,0,26.973295,-29.598221,9.806605
352,IBSS,5,45,6,-0.000001,29.872026,-30.117125,9.806605
353,IBSS,5,46,6,0,31.466639,-32.06316,9.806642
354,IBSS,5,47,6,0,33.543217,-34.040829,9.806645
355,IBSS,5,48,6,0,34.783081,-36.572285,9.806582
356,IBSS,5,49,6,0,33.564091,-37.212582,9.806597
357,IBSS,5,50,6,0,31.217859,-36.654797,9.806607
358,IBSS,5,0,7,0,25.042021,-32.655323,9.806556
359,IBSS,5,1,7,0,37.841305,-29.193733,9.806608
360,IBSS,5,2,7,0,63.607803,-20.980749,9.806564
361,IBSS,5,3,7,0,20.227308,-22.60368,9.806576
362,IBSS,5,4,7,0,24.364746,-29.374596,9.806577
363,IBSS,5,5,7,0,26.831947,-33.12228,9.806558
364,IBSS,5,6,7,0,25.234455,-33.225136,9.806549
365,IBSS,5,7,7,0,26.495815,-37.332687,9.806594
366,IBSS,5,8,7,0,30.135979,-39.752243,9.806636
367,IBSS,5,9,7,0,30.516218,-46.72612,9.806569
368,IBSS,5,10,7,0,30.16021,-48.836563,9.806628
369,IBSS,5,11,7,0,30.779053,-47.654655,9.806581
370,IBSS,5,12,7,0,30.851883,-45.299976,9.806572
371,IBSS,5,13,7,-0.000001,36.039265,-48.467854,9.806603
372,IBSS,5,14,7,0,41.500847,-45.561562,9.806554
373,IBSS,5,15,7,0,16.551626,-42.565353,9.806612
374,IBSS,5,16,7,0,19.455488,-32.405262,9.80662
375,IBSS,5,17,7,0,23.629833,-28.07332,9.806577
376,IBSS,5,18,7,0,25.174442,-22.468929,9.806613
377,IBSS,5,19,7,0,27.501623,-20.52639,9.806581
378,IBSS,5,20,7,0,30.501884,-21.934341,9.806621
379,IBSS,5,21,7,0,33.53616,-22.37845,9.806576
380,IBSS,5,22,7,0,37.680664,-25.453232,9.806568
381,IBSS,5,23,7,0,38.854996,-27.593531,9.806602
382,IBSS,5,24,7,0,41.702255,-28.71806,9.806588
383,IBSS,5,25,7,0,41.187054,-27.697123,9.806599
384,IBSS,5,26,7,0,40.09021,-27.585197,9.806604
385,IBSS,5,27,7,0,41.494965,-27.793674,9.806628
386,IBSS,5,28,7,0,17.112078,-26.905668,9.806612
387,IBSS,5,29,7,0,34.913517,-23.169538,9.806617
388,IBSS,5,30,7,0,30.598053,-20.924187,9.806567
389,IBSS,5,31,7,0,35.138,-22.337103,9.806588
390,IBSS,5,32,7,0,35.466942,-28.930723,9.806589
391,IBSS,5,33,7,0,36.570705,-30.134754,9.806634
392,IBSS,5,34,7,0,36.362411,-32.735645,9.806594
393,IBSS,5,35,7,0,40.493561,-35.418678,9.806637
394,IBSS,5,36,7,0,41.853542,-41.694057,9.806644
395,IBSS,5,37,7,0,44.352455,-52.432735,9.806601
396,IBSS,5,38,7,0,30.55287,-49.71307,9.806631
397,IBSS,5,39,7,0,24.730761,-46.566345,9.806596
398,IBSS,5,40,7,0,20.915194,-42.521324,9.806575
399,IBSS,5,41,7,0,15.794904,-41.256836,9.806598
400,IBSS,5,42,7,0,19.235926,-33.549324,9.806578
401,IBSS,5,43,7,0.000001,21.139441,-28.151361,9.806628
402,IBSS,5,44,7,0,26.097378,-25.822733,9.806569
403,IBSS,5,45,7,0,30.979397,-29.729763,9.806634
404,IBSS,5,46,7,0,31.464682,-33.470329,9.806593
405,IBSS,5,47,7,0,33.095131,-35.26614,9.806558
406,IBSS,5,48,7,0,33.643997,-36.647488,9.8066
407,IBSS,5,49,7,0,33.20734,-36.517956,9.806603
408,IBSS,5,50,7,0,35.661037,-35.975655,9.806559
409,IBSS,5,0,8,0,28.768223,-34.270622,9.806586
410,IBSS,5,1,8,0,29.959375,-31.756498,9.806634
411,IBSS,5,2,8,0.000001,30.144756,-30.313349,9.806607
412,IBSS,5,3,8,0.000001,27.551689,-30.11343,9.806582
413,IBSS,5,4,8,0,26.144505,-32.201153,9.806596
414,IBSS,5,5,8,0,25.444084,-35.167194,9.806633
415,IBSS,5,6,8,0,25.593506,-37.525928,9.806573
416,IBSS,5,7,8,0,26.625496,-40.401081,9.806612
417,IBSS,5,8,8,0,26.895769,-41.591766,9.806617
418,IBSS,5,9,8,0,28.98041,-44.408253,9.806645
419,IBSS,5,10,8,0,30.598455,-47.161671,9.806602
420,IBSS,5,11,8,0,29.541697,-48.561005,9.806564
421,IBSS,5,12,8,0,29.577055,-47.19936,9.806581
422,IBSS,5,13,8,0,30.550884,-44.301952,9.806596
423,IBSS,5,14,8,0,28.715919,-40.710163,9.80664
424,IBSS,5,15,8,0,25.604853,-38.200657,9.806587
425,IBSS,5,16,8,0,24.997879,-33.307762,9.806613
426,IBSS,5,17,8,0,25.970594,-29.291586,9.806581
427,IBSS,5,18,8,0,26.570919,-26.894361,9.806564
428,IBSS,5,19,8,0,27.650932,-25.025457,9.806582
429,IBSS,5,20,8,0,28.531868,-23.845587,9.806599
430,IBSS,5,21,8,0,30.896532,-24.282961,9.806594
431,IBSS,5,22,8,0,34.389111,-25.448524,9.806566
432,IBSS,5,23,8,0,36.935085,-26.560266,9.806581
433,IBSS,5,24,8,0,38.517544,-27.209766,9.806639
434,IBSS,5,25,8,0,39.883858,-26.791016,9.80657
435,IBSS,5,26,8,0,38.685383,-26.341808,9.806591
436,IBSS,5,27,8,-0.000001,35.822765,-24.90715,9.806626
437,IBSS,5,28,8,0,31.227638,-23.075754,9.806592
438,IBSS,5,29,8,0,31.058523,-22.797964,9.80661
439,IBSS,5,30,8,0,32.630329,-23.538864,9.806555
440,IBSS,5,31,8,0,32.484211,-25.860254,9.806601
441,IBSS,5,32,8,0,31.610607,-28.315878,9.806641
442,IBSS,5,33,8,0,31.843456,-29.573172,9.806574
443,IBSS,5,34,8,0,34.342136,-32.271561,9.806588
444,IBSS,5,35,8,0,36.139786,-35.168591,9.806579
445,IBSS,5,36,8,-0.000001,36.181553,-39.383892,9.806631
446,IBSS,5,37,8,0,35.574986,-42.316963,9.806588
447,IBSS,5,38,8,0,31.547279,-43.497929,9.806647
448,IBSS,5,39,8,0,27.958731,-44.580391,9.806621
449,IBSS,5,40,8,0,24.400856,-44.830761,9.806563
450,IBSS,5,41,8,0,19.864656,-43.945202,9.806618
451,IBSS,5,42,8,0,16.738214,-40.136341,9.806638
452,IBSS,5,43,8,0,19.174614,-35.137203,9.806627
453,IBSS,5,44,8,0,22.933727,-32.88369,9.806597
454,IBSS,5,45,8,0,26.426481,-32.927311,9.806565
455,IBSS,5,46,8,0,30.861618,-34.649616,9.806576
456,IBSS,5,47,8,-0.000001,32.218395,-35.123367,9.80655
457,IBSS,5,48,8,0,32.967514,-35.469154,9.806608
458,IBSS,5,49,8,0,33.461216,-35.271595,9.806645
459,IBSS,5,50,8,0,33.501617,-34.247791,9.806587
460,IBSS,5,0,9,0,24.494497,-37.418766,9.806636
461,IBSS,5,1,9,0,23.303104,-33.771469,9.806625
462,IBSS,5,2,9,0,22.048262,-30.115196,9.80659
463,IBSS,5,3,9,0,25.104158,-32.438042,9.806585
464,IBSS,5,4,9,0,22.9062,-36.829914,9.806629
465,IBSS,5,5,9,0,23.522795,-36.26889,9.806588
466,IBSS,5,6,9,0,24.544491,-38.393993,9.806629
467,IBSS,5,7,9,0,24.53389,-37.553329,9.806612
468,IBSS,5,8,9,0,28.159962,-37.75819,9.806561
469,IBSS,5,9,9,0,29.886612,-39.614323,9.806555
470,IBSS,5,10,9,0,31.161991,-43.658127,9.806607
471,IBSS,5,11,9,0,29.95631,-45.032135,9.806624
472,IBSS,5,12,9,0,27.510834,-42.176037,9.806632
473,IBSS,5,13,9,0,27.440033,-39.634335,9.806637
474,IBSS,5,14,9,0,27.092478,-36.764317,9.806593
475,IBSS,5,15,9,0,26.874552,-33.68821,9.806577
476,IBSS,5,16,9,0,21.797222,-33.610744,9.806603
477,IBSS,5,17,9,0,24.877497,-31.70871,9.8066
478,IBSS,5,19,9,0,25.473917,-28.117044,9.806621
479,IBSS,5,20,9,0,28.41013,-23.969408,9.80661
480,IBSS,5,21,9,0,28.196148,-25.843515,9.806559
481,IBSS,5,22,9,0,30.608793,-26.114456,9.806579
482,IBSS,5,23,9,0,32.660282,-25.780573,9.80662
483,IBSS,5,24,9,0,34.059883,-25.732975,9.806618
484,IBSS,5,25,9,0,35.895271,-25.208628,9.806605
485,IBSS,5,26,9,0,35.785866,-23.212349,9.806622
486,IBSS,5,27,9,0,34.281776,-22.110912,9.806601
487,IBSS,5,27,9,0,35.407833,-22.715731,9.806633
488,IBSS,5,28,9,0,32.238544,-22.156593,9.806593
489,IBSS,5,29,9,0,34.007378,-20.051842,9.806615
490,IBSS,5,30,9,0,34.663296,-23.856319,9.80659
491,IBSS,5,31,9,0,33.027206,-26.285105,9.806576
492,IBSS,5,32,9,0,31.697369,-28.29393,9.806548
493,IBSS,5,33,9,-0.000001,32.822556,-25.180758,9.806621
494,IBSS,5,34,9,0,36.861134,-29.640205,9.806544
495,IBSS,5,35,9,0,39.032402,-33.409023,9.806626
496,IBSS,5,36,9,0,37.555626,-34.434628,9.80656
497,IBSS,5,37,9,0,37.149807,-37.209774,9.806573
498,IBSS,5,38,9,-0.000001,35.013798,-39.542534,9.806604
499,IBSS,5,39,9,0,32.388748,-41.781242,9.806578
500,IBSS,5,40,9,0,28.945232,-44.767906,9.806599
501,IBSS,5,41,9,0,21.809307,-46.659569,9.806563
502,IBSS,5,42,9,0,17.015224,-43.341148,9.806613
503,IBSS,5,43,9,0,18.454769,-37.115627,9.806624
504,IBSS,5,44,9,0,21.655722,-33.565327,9.806552
505,IBSS,5,45,9,0,27.124821,-30.704266,9.806597
506,IBSS,5,46,9,0,29.476049,-30.030039,9.80655
507,IBSS,5,47,9,0,31.410425,-30.996763,9.806592
508,IBSS,5,48,9,0,30.553663,-32.074093,9.806632
509,IBSS,5,49,9,0,30.63945,-30.588139,9.806611
510,IBSS,5,50,9,0,32.152451,-30.142456,9.806582
511,IBSS,5,0,10,0.000001,35.320713,-27.336203,9.806602
512,IBSS,5,1,10,-0.000002,39.541302,-22.381655,9.806588
513,IBSS,5,2,10,0,24.913561,-22.058027,9.806612
514,IBSS,5,3,10,0.000001,28.340782,-26.048542,9.80659
515,IBSS,5,4,10,0,27.908752,-29.76812,9.806589
516,IBSS,5,5,10,0,27.033344,-31.303503,9.806581
517,IBSS,5,6,10,0.000001,27.090279,-33.533672,9.806604
518,IBSS,5,7,10,0,27.423012,-34.712521,9.806631
519,IBSS,5,8,10,0,29.280098,-34.907635,9.806629
520,IBSS,5,9,10,0.000001,30.085001,-36.090733,9.806569
521,IBSS,5,10,10,0,29.677937,-37.025879,9.806605
522,IBSS,5,11,10,0,29.15526,-38.388363,9.806553
523,IBSS,5,12,10,0,27.862144,-37.746456,9.806613
524,IBSS,5,13,10,0.000001,27.835667,-37.100895,9.806618
525,IBSS,5,14,10,0,28.326519,-35.14378,9.806636
526,IBSS,5,15,10,0,27.798212,-33.531837,9.806555
527,IBSS,5,16,10,0,26.967854,-32.306217,9.806638
528,IBSS,5,17,10,0,28.626312,-31.157227,9.806571
529,IBSS,5,18,10,0,28.232845,-30.682156,9.806587
530,IBSS,5,19,10,0,29.947821,-29.182932,9.806598
531,IBSS,5,20,10,0,31.248714,-30.927687,9.806567
532,IBSS,5,21,10,0,31.535158,-28.880384,9.806599
533,IBSS,5,22,10,0,33.28064,-28.174974,9.806591
534,IBSS,5,23,10,0,35.299637,-26.997215,9.806586
535,IBSS,5,24,10,0,35.910912,-26.705128,9.806578
536,IBSS,5,25,10,0,37.105953,-23.917419,9.806627
537,IBSS,5,26,10,0,37.192902,-22.717789,9.806615
538,IBSS,5,27,10,0,36.636818,-21.630444,9.806629
539,IBSS,5,28,10,0.000001,33.836933,-20.521423,9.806626
540,IBSS,5,29,10,0,32.983448,-20.813301,9.806638
541,IBSS,5,30,10,0,32.127293,-23.545525,9.806627
542,IBSS,5,31,10,0,33.721394,-24.263447,9.806572
543,IBSS,5,32,10,0,31.1814,-25.307585,9.806578
544,IBSS,5,33,10,0,31.847015,-29.22485,9.806602
545,IBSS,5,34,10,0,32.854717,-29.854746,9.806632
546,IBSS,5,35,10,0,34.288685,-31.517555,9.806624
547,IBSS,5,36,10,0.000001,35.334633,-34.41927,9.806625
548,IBSS,5,37,10,0,34.590332,-36.104736,9.806602
549,IBSS,5,38,10,0,33.98262,-37.236977,9.806595
550,IBSS,5,39,10,0,31.714418,-40.33609,9.806611
551,IBSS,5,40,10,0.000001,29.882881,-42.43306,9.806602
552,IBSS,5,41,10,0,23.872498,-41.812435,9.806597
553,IBSS,5,42,10,0,20.372761,-39.485573,9.806566
554,IBSS,5,43,10,0,20.763428,-34.15974,9.806587
555,IBSS,5,44,10,0,23.337368,-29.758928,9.806599
556,IBSS,5,45,10,0,26.954153,-27.66853,9.806615
557,IBSS,5,46,10,0,29.839632,-27.263374,9.806567
558,IBSS,5,47,10,0,30.448206,-30.112165,9.806645
559,IBSS,5,48,10,0,29.927769,-30.074398,9.806639
560,IBSS,5,49,10,0,30.846653,-28.285715,9.806549
561,IBSS,5,50,10,0,30.928598,-26.319626,9.806636
562,IBSS,5,0,11,-0.000001,31.647181,-31.856897,9.806598
563,IBSS,5,1,11,0,30.389198,-29.497822,9.806537
564,IBSS,5,2,11,0,30.54224,-28.584713,9.806558
565,IBSS,5,3,11,0,31.414719,-29.916063,9.806605
566,IBSS,5,4,11,0,31.41151,-31.581688,9.806597
567,IBSS,5,5,11,0,30.378983,-32.113079,9.806595
568,IBSS,5,6,11,0,30.663157,-32.78495,9.806563
569,IBSS,5,7,11,0,32.03397,-33.300312,9.806625
570,IBSS,5,8,11,0,32.829353,-34.194229,9.80663
571,IBSS,5,9,11,0,32.976547,-34.659172,9.806627
572,IBSS,5,10,11,0,32.242146,-35.849659,9.806634
573,IBSS,5,11,11,0,30.575781,-34.900249,9.80662
574,IBSS,5,12,11,0,31.042484,-35.26054,9.80661
575,IBSS,5,13,11,0,31.18857,-36.36232,9.806541
576,IBSS,5,14,11,0,30.52619,-37.961323,9.806621
577,IBSS,5,15,11,0,31.453382,-35.810337,9.806621
578,IBSS,5,16,11,0,30.349728,-36.512138,9.806553
579,IBSS,5,17,11,0,29.322165,-34.745724,9.806602
580,IBSS,5,18,11,0,28.984549,-33.553036,9.806588
581,IBSS,5,19,11,0,31.628044,-31.931372,9.80662
582,IBSS,5,20,11,0,31.749149,-34.309471,9.806629
583,IBSS,5,21,11,0,31.175543,-32.933163,9.806575
584,IBSS,5,22,11,0,31.938047,-31.043318,9.806622
585,IBSS,5,23,11,0,32.597137,-29.28405,9.806631
586,IBSS,5,24,11,0,33.889076,-27.533913,9.806566
587,IBSS,5,25,11,0,33.577389,-23.910645,9.806557
588,IBSS,5,26,11,0,37.055161,-21.028557,9.806638
589,IBSS,5,27,11,0,39.101925,-25.068045,9.806581
590,IBSS,5,28,11,0,38.927269,-23.907696,9.80662
591,IBSS,5,29,11,0,35.018402,-22.223927,9.806585
592,IBSS,5,30,11,0,35.114208,-25.161592,9.806575
593,IBSS,5,31,11,0,33.078938,-25.885695,9.806576
594,IBSS,5,32,11,0,34.399422,-26.166988,9.806628
595,IBSS,5,33,11,0,33.958767,-27.751295,9.80662
596,IBSS,5,34,11,0,32.437866,-30.22978,9.806621
597,IBSS,5,35,11,0.000001,32.977207,-29.827236,9.806631
598,IBSS,5,36,11,0,36.416862,-30.725143,9.806557
599,IBSS,5,37,11,0,37.065586,-32.43404,9.806631
600,IBSS,5,38,11,0,35.987091,-35.411812,9.806628
601,IBSS,5,39,11,0.000002,35.888416,-37.301685,9.806559
602,IBSS,5,40,11,0.000001,32.490829,-40.856342,9.806571
603,IBSS,5,41,11,0,28.477541,-44.845772,9.806568
604,IBSS,5,42,11,0,22.709875,-39.620262,9.806561
605,IBSS,5,43,11,0,21.057301,-34.004139,9.806637
606,IBSS,5,44,11,0,23.422852,-27.45356,9.806629
607,IBSS,5,45,11,0,26.959536,-22.924892,9.806619
608,IBSS,5,46,11,0,29.746164,-24.121153,9.806593
609,IBSS,5,47,11,0,30.695511,-24.426474,9.806616
610,IBSS,5,48,11,0,30.805218,-25.387615,9.806633
611,IBSS,5,49,11,-0.000001,28.650347,-24.082079,9.806568
612,IBSS,5,50,11,0,29.640543,-21.858667,9.806561
613,IBSS,5,0,12,0,31.885374,-28.718849,9.806572
614,IBSS,5,1,12,0.000001,31.234419,-27.784061,9.806552
615,IBSS,5,2,12,0.000001,30.708853,-26.664103,9.806619
616,IBSS,5,3,12,-0.000001,31.629778,-27.572823,9.806635
617,IBSS,5,4,12,-0.000001,32.220161,-29.749111,9.806555
618,IBSS,5,5,12,0,32.578732,-30.015512,9.806624
619,IBSS,5,6,12,0,32.843529,-31.150246,9.806613
620,IBSS,5,7,12,0,33.752914,-31.183903,9.806574
621,IBSS,5,8,12,0,34.284081,-30.567303,9.80662
622,IBSS,5,9,12,0,33.834587,-30.58049,9.806609
623,IBSS,5,10,12,0,32.259998,-29.309559,9.806567
624,IBSS,5,11,12,0,30.354692,-30.304811,9.806609
625,IBSS,5,12,12,0,29.942083,-30.749599,9.806622
626,IBSS,5,13,12,0,30.756784,-33.379986,9.806598
627,IBSS,5,14,12,0,30.057602,-34.507889,9.806641
628,IBSS,5,15,12,0,29.169044,-36.96793,9.806549
629,IBSS,5,16,12,0,29.064468,-37.346756,9.806587
630,IBSS,5,17,12,0,28.507568,-37.153954,9.806629
631,IBSS,5,18,12,0,30.499817,-37.370762,9.806544
632,IBSS,5,19,12,0,32.062225,-38.088123,9.806638
633,IBSS,5,20,12,-0.000001,33.790661,-36.359425,9.806604
634,IBSS,5,21,12,0,34.539665,-34.87466,9.806638
635,IBSS,5,22,12,0,34.570938,-32.510677,9.806569
636,IBSS,5,23,12,0,35.005611,-30.452085,9.806582
637,IBSS,5,24,12,0,34.460217,-28.393465,9.806606
638,IBSS,5,25,12,0,36.256691,-25.679955,9.806628
639,IBSS,5,26,12,0,37.037369,-26.596361,9.806545
640,IBSS,5,27,12,0,36.460735,-25.779219,9.806596
641,IBSS,5,28,12,0,35.379486,-25.359118,9.806548
642,IBSS,5,29,12,0,34.175831,-25.481022,9.806548
643,IBSS,5,30,12,0,32.448593,-25.494846,9.80661
644,IBSS,5,31,12,0,32.317307,-26.540686,9.80663
645,IBSS,5,32,12,0,31.958261,-27.721651,9.806611
646,IBSS,5,33,12,0,30.460011,-29.996677,9.80658
647,IBSS,5,34,12,0,30.478579,-31.708044,9.806579
648,IBSS,5,35,12,0,30.929197,-32.267223,9.806585
649,IBSS,5,36,12,0,32.294598,-32.057079,9.806595
650,IBSS,5,37,12,0,34.379314,-33.750477,9.806582
651,IBSS,5,38,12,0,34.101288,-35.459492,9.806629
652,IBSS,5,39,12,0,33.580299,-37.720707,9.806581
653,IBSS,5,40,12,0,31.527212,-40.020107,9.806624
654,IBSS,5,41,12,0,29.428722,-39.849537,9.806591
655,IBSS,5,42,12,0,28.642826,-37.448902,9.806622
656,IBSS,5,43,12,0,27.494602,-34.313126,9.806597
657,IBSS,5,44,12,0,27.905436,-29.252895,9.806598
658,IBSS,5,45,12,0,29.925335,-27.258846,9.80661
659,IBSS,5,46,12,0,31.680887,-26.120832,9.806593
660,IBSS,5,47,12,0,31.481764,-25.077066,9.806603
661,IBSS,5,48,12,0,31.648468,-24.703705,9.806577
662,IBSS,5,49,12,0,31.983561,-26.097193,9.806633
663,IBSS,5,50,12,0,31.966194,-25.471691,9.806588
