44:6a:2e:09:c6:81,43
44:6a:2e:09:f4:90,261
44:6a:2e:09:d2:d0,262
a4:c6:4f:d5:df:30,263
44:6a:2e:09:d6:20,264
44:6a:2e:09:c0:c0,0
00:06:f4:b8:12:30,1
44:6a:2e:09:c1:c1,2
44:6a:2e:07:41:91,265
44:6a:2e:09:f7:01,3
00:06:f4:b8:0f:a1,4
56:e4:bd:bd:02:45,5
44:6a:2e:09:c7:b0,6
44:6a:2e:09:c0:30,7
44:6a:2e:09:d6:e0,268
44:6a:2e:09:d2:c0,270
44:6a:2e:09:f4:a1,269
a4:c6:4f:d5:fa:c1,9
00:06:f4:b8:1a:70,272
44:6a:2e:09:d7:c1,274
44:6a:2e:09:f2:71,10
44:6a:2e:07:33:f1,275
44:6a:2e:09:f4:81,11
00:06:f4:b8:0f:90,276
24:4c:07:00:d9:80,277
44:6a:2e:09:c3:a0,278
44:6a:2e:07:42:c0,385
00:06:f4:b8:1b:10,12
44:6a:2e:09:d2:81,279
44:6a:2e:07:40:01,280
44:6a:2e:07:41:90,281
44:6a:2e:09:f6:20,282
44:6a:2e:07:40:91,13
44:6a:2e:09:c5:c1,14
00:06:f4:b8:1b:c0,15
44:6a:2e:09:bf:11,16
00:06:f4:b8:11:41,284
44:6a:2e:09:c4:81,285
00:36:76:5e:d2:39,17
00:06:f4:b8:0f:91,18
44:6a:2e:09:c4:60,481
44:6a:2e:09:c1:41,287
44:6a:2e:09:c2:71,443
44:6a:2e:09:c0:01,388
44:6a:2e:09:c4:f1,20
a4:c6:4f:d5:ef:b1,288
00:06:f4:b8:1a:91,174
44:6a:2e:09:f7:d1,21
44:6a:2e:07:43:91,22
44:6a:2e:07:40:50,379
44:6a:2e:09:c5:d1,23
44:6a:2e:09:c7:a0,24
44:6a:2e:09:f2:a0,291
b0:d5:9d:ce:aa:37,292
44:6a:2e:07:14:80,293
44:6a:2e:09:d6:f0,25
44:6a:2e:09:c4:b1,26
44:6a:2e:07:14:a0,445
44:6a:2e:07:40:90,294
44:6a:2e:07:3b:b0,357
00:06:f4:b8:17:f0,27
44:6a:2e:09:c0:c1,28
ac:4e:91:61:21:01,29
44:6a:2e:09:c3:a1,415
a4:c6:4f:d5:fb:61,347
44:6a:2e:09:f1:c0,30
44:6a:2e:07:14:90,31
44:6a:2e:09:f6:31,33
44:6a:2e:07:36:50,296
a4:c6:4f:d5:fb:01,298
44:6a:2e:07:43:00,299
44:6a:2e:07:33:e1,300
44:6a:2e:09:f2:00,34
ac:4e:91:61:21:00,35
44:6a:2e:07:41:41,36
00:06:f4:b8:20:51,37
44:6a:2e:09:be:60,302
44:6a:2e:09:f1:60,303
00:06:f4:b8:17:30,266
00:06:f4:b8:12:e1,38
44:6a:2e:09:c6:51,41
44:6a:2e:09:f4:a0,40
44:6a:2e:09:d7:61,42
44:6a:2e:09:f5:11,484
44:6a:2e:09:c5:c0,306
28:f3:66:a7:b0:70,307
44:6a:2e:09:f4:91,44
ac:4e:91:61:1f:c1,45
44:6a:2e:09:d2:d1,46
44:6a:2e:09:f5:60,47
44:6a:2e:09:c6:50,48
44:6a:2e:09:c2:a1,49
00:06:f4:b8:16:d0,512
44:6a:2e:09:f5:e1,51
44:6a:2e:09:f1:40,309
44:6a:2e:09:c2:b0,498
44:6a:2e:09:f5:d0,52
00:06:f4:b8:1a:90,310
44:6a:2e:09:f2:c1,234
84:a9:c4:ef:fb:2b,312
44:6a:2e:07:3b:a1,53
00:06:f4:b8:1c:10,314
44:6a:2e:09:f6:b0,54
a4:c6:4f:d5:b1:d0,55
44:6a:2e:00:fa:a0,56
00:06:f4:b8:11:20,315
44:6a:2e:09:f5:f0,267
00:06:f4:b8:49:30,57
44:6a:2e:09:bf:60,316
00:06:f4:b8:1b:b1,58
84:a9:c4:ef:fb:4b,59
44:6a:2e:09:f6:41,317
a4:c6:4f:d5:fb:71,505
44:6a:2e:09:ef:21,319
44:6a:2e:09:c4:91,320
a4:c6:4f:d5:a6:61,321
00:ec:0a:7b:b9:10,322
44:6a:2e:09:d6:b0,323
00:06:f4:b8:11:11,8
44:6a:2e:09:f6:51,60
44:6a:2e:09:f7:41,486
44:6a:2e:07:3f:b0,324
44:6a:2e:07:3b:a0,451
bc:d1:77:5c:11:c0,273
44:6a:2e:09:f1:81,325
44:6a:2e:09:f4:b1,61
44:6a:2e:09:f6:b1,326
44:6a:2e:09:f5:61,62
44:6a:2e:09:c6:21,63
b4:0f:3b:9d:3f:28,64
a4:c6:4f:d5:fa:f0,65
44:6a:2e:09:d8:71,66
44:6a:2e:09:f8:30,328
00:06:f4:b8:0f:a0,329
44:6a:2e:09:e9:40,331
44:6a:2e:09:c5:90,332
00:06:f4:b8:1a:81,67
44:6a:2e:09:c0:21,68
44:6a:2e:09:f0:e1,70
56:e4:bd:be:90:79,71
44:6a:2e:09:c5:91,72
44:6a:2e:07:3f:a0,73
00:06:f4:b8:11:10,334
44:6a:2e:09:f8:21,74
a4:c6:4f:d5:b1:d1,510
00:06:f4:b8:1c:11,75
44:6a:2e:09:c1:b0,76
8c:25:05:d6:fa:6d,77
44:6a:2e:09:f6:81,78
44:6a:2e:09:f6:80,79
a4:c6:4f:d5:df:20,80
44:6a:2e:07:41:b1,81
44:6a:2e:07:41:a0,82
44:6a:2e:09:f2:11,455
44:6a:2e:07:0f:d1,489
44:6a:2e:09:c2:a0,83
a4:c6:4f:d5:fa:90,84
44:6a:2e:09:bd:d0,85
44:6a:2e:09:c3:b1,338
44:6a:2e:09:c4:f0,318
44:6a:2e:09:c6:40,339
44:6a:2e:09:f5:00,340
84:a9:c4:f0:01:6b,341
44:6a:2e:09:c7:a1,86
44:6a:2e:09:f2:10,87
44:6a:2e:09:d2:80,352
a4:c6:4f:d5:fa:b1,88
44:6a:2e:09:f6:90,417
44:6a:2e:09:f2:c0,343
44:6a:2e:07:40:40,243
44:6a:2e:07:0f:c0,344
28:f3:66:a7:c3:4e,39
44:6a:2e:09:c4:d1,345
44:6a:2e:09:c0:e0,89
44:6a:2e:09:d5:c1,346
00:06:f4:b8:2a:50,90
44:6a:2e:09:c4:e1,468
44:6a:2e:07:40:51,399
44:6a:2e:09:c0:31,92
00:06:f4:b8:1b:21,93
44:6a:2e:09:f3:a1,94
44:6a:2e:09:c0:f1,111
a4:c6:4f:d5:fa:a1,456
44:6a:2e:09:f7:11,95
44:6a:2e:09:f2:a1,348
44:6a:2e:09:f7:50,349
44:6a:2e:09:d6:e1,350
44:6a:2e:07:3f:b1,96
44:6a:2e:09:f7:a0,97
44:6a:2e:09:d8:60,98
a4:c6:4f:d5:fa:91,99
a4:c6:4f:d5:fa:e1,101
44:6a:2e:07:41:40,351
44:6a:2e:09:f2:d0,405
44:6a:2e:09:c2:61,102
44:6a:2e:09:c4:b0,103
44:6a:2e:09:f7:10,354
44:6a:2e:09:d8:a0,104
44:6a:2e:09:f5:10,192
44:6a:2e:09:c4:51,137
44:6a:2e:09:c2:41,355
44:6a:2e:09:f1:b1,356
56:e4:bd:bc:d2:dd,406
44:6a:2e:09:c4:e0,106
00:06:f4:b8:49:f1,105
44:6a:2e:09:f1:91,108
00:06:f4:b8:1a:f0,109
44:6a:2e:09:f4:00,195
44:6a:2e:09:c4:20,358
44:6a:2e:09:f1:a0,112
44:6a:2e:09:f6:91,458
44:6a:2e:09:d5:c0,114
00:06:f4:b8:4f:b0,382
44:6a:2e:09:d8:a1,360
a4:c6:4f:d5:fb:70,361
44:6a:2e:09:c3:b0,362
44:6a:2e:09:d9:40,107
44:6a:2e:07:14:b1,115
9e:2e:a1:54:19:8f,116
44:6a:2e:09:be:61,117
00:06:f4:b8:49:f0,283
44:6a:2e:09:c5:41,118
00:06:f4:b8:4a:01,119
44:6a:2e:09:f7:c0,365
44:6a:2e:09:bf:01,110
44:6a:2e:09:f4:41,121
44:6a:2e:09:e9:51,367
88:25:93:3a:c1:76,122
44:6a:2e:09:f8:20,176
44:6a:2e:09:c4:a1,369
44:6a:2e:09:f2:d1,123
44:6a:2e:09:bf:71,124
44:6a:2e:07:0f:c1,125
44:6a:2e:09:c4:70,126
44:6a:2e:09:c4:71,127
44:6a:2e:09:d6:a0,286
44:6a:2e:09:f5:c0,128
44:6a:2e:09:c4:d0,371
44:6a:2e:09:c4:40,129
44:6a:2e:09:c0:e1,130
44:6a:2e:09:f5:c1,413
44:6a:2e:09:c0:00,372
44:6a:2e:09:bf:10,131
44:6a:2e:09:f0:e0,374
44:6a:2e:09:d6:81,480
44:6a:2e:09:c1:b1,132
44:6a:2e:09:f8:01,133
02:28:f8:0e:47:c3,375
44:6a:2e:09:c6:20,19
44:6a:2e:09:f8:b0,376
44:6a:2e:09:bf:61,377
00:06:f4:b8:11:31,178
44:6a:2e:09:d7:10,460
00:06:f4:b8:12:d0,134
44:6a:2e:09:c5:a1,135
44:6a:2e:07:14:91,136
44:6a:2e:09:f4:40,113
44:6a:2e:09:c0:20,138
44:6a:2e:09:c4:41,139
44:6a:2e:09:f5:d1,380
44:6a:2e:09:f1:20,359
44:6a:2e:09:f1:00,140
00:06:f4:b8:1a:71,327
00:06:f4:b8:12:10,384
44:6a:2e:09:c1:90,387
44:6a:2e:07:42:c1,141
00:06:f4:b8:12:21,389
44:6a:2e:09:f5:41,390
a4:c6:4f:d5:b1:c0,363
a4:c6:4f:d5:ef:a1,391
44:6a:2e:09:d2:c1,142
44:6a:2e:09:c7:c1,143
44:6a:2e:09:d7:d1,392
44:6a:2e:09:d2:91,393
44:6a:2e:09:f6:01,395
44:6a:2e:09:c6:90,144
00:06:f4:b8:1c:21,145
00:06:f4:b8:12:20,249
a4:c6:4f:d5:ef:b0,397
44:6a:2e:09:c2:60,398
44:6a:2e:09:d7:11,146
44:6a:2e:00:fd:50,400
44:6a:2e:09:f8:b1,290
44:6a:2e:09:f2:b0,463
44:6a:2e:09:d7:60,401
a4:c6:4f:d5:fa:d0,147
44:6a:2e:09:f2:01,330
44:6a:2e:09:bf:70,403
4c:e6:76:64:df:00,148
ac:4e:91:61:21:80,404
b0:d5:9d:d1:7e:bd,149
44:6a:2e:09:f1:61,394
00:06:f4:b8:1b:11,150
44:6a:2e:09:f6:40,407
44:6a:2e:09:c3:60,408
a4:c6:4f:d5:a6:71,409
00:06:f4:b8:46:11,410
44:6a:2e:07:38:51,411
44:6a:2e:09:f0:f0,412
44:6a:2e:07:3b:90,418
44:6a:2e:09:c0:d0,414
44:6a:2e:09:f4:80,497
44:6a:2e:09:f7:51,151
44:6a:2e:09:bf:30,152
00:06:f4:b8:16:b0,153
44:6a:2e:07:36:41,416
50:64:2b:dd:cc:85,69
44:6a:2e:09:d9:41,120
44:6a:2e:07:43:80,419
44:6a:2e:09:c7:d1,154
44:6a:2e:00:fd:41,155
00:06:f4:b8:11:21,421
44:6a:2e:09:ef:31,422
dc:fe:18:ac:ee:99,156
44:6a:2e:09:f5:f1,423
44:6a:2e:09:c6:91,420
44:6a:2e:09:f1:b0,424
44:6a:2e:09:bd:c0,425
44:6a:2e:07:14:b0,157
44:6a:2e:07:43:11,158
44:6a:2e:09:c3:61,308
44:6a:2e:09:d8:61,428
44:6a:2e:07:40:00,429
44:6a:2e:00:fa:a1,386
44:6a:2e:09:f8:61,431
44:6a:2e:09:c5:51,159
44:6a:2e:09:f2:e1,160
44:6a:2e:09:c3:f1,162
44:6a:2e:09:f1:41,163
44:6a:2e:09:c4:a0,164
c4:f0:81:75:03:c9,433
a4:c6:4f:d5:b1:c1,381
a4:c6:4f:d5:ef:a0,165
44:6a:2e:09:f1:80,166
44:6a:2e:09:f4:b0,434
44:6a:2e:07:3b:80,435
44:6a:2e:09:d7:00,436
44:6a:2e:09:c4:90,368
44:6a:2e:09:f1:90,167
44:6a:2e:07:3b:b1,168
44:6a:2e:09:d9:01,169
00:06:f4:b8:11:30,439
44:6a:2e:09:d7:01,170
44:6a:2e:09:c1:80,172
44:6a:2e:01:11:50,441
44:6a:2e:09:c3:e1,452
42:49:0f:a3:09:a2,173
44:6a:2e:09:c5:d0,333
44:6a:2e:09:c5:a0,442
44:6a:2e:07:36:40,175
44:6a:2e:09:c5:b0,177
00:06:f4:b8:49:91,444
56:e4:bd:bc:f9:64,446
44:6a:2e:09:d7:c0,179
44:6a:2e:09:f4:01,447
44:6a:2e:09:bd:d1,370
00:06:f4:b8:20:d0,448
44:6a:2e:09:bf:31,449
44:6a:2e:09:f1:a1,180
44:6a:2e:09:d6:b1,450
28:f3:66:a7:c4:5e,426
00:06:f4:b8:2c:10,181
78:11:dc:39:d3:58,467
44:6a:2e:09:f6:00,50
44:6a:2e:09:c2:80,182
00:06:f4:b8:2a:51,183
a4:c6:4f:d5:a6:70,184
a6:ca:a0:22:e4:e9,185
44:6a:2e:09:f7:e0,454
44:6a:2e:07:3b:91,186
d4:ee:07:4f:73:02,187
44:6a:2e:09:c0:d1,189
44:6a:2e:09:c2:81,457
44:6a:2e:07:40:80,289
a4:c6:4f:d5:fa:c0,190
44:6a:2e:07:36:51,191
44:6a:2e:07:38:40,193
44:6a:2e:09:c5:40,194
00:06:f4:b8:18:00,427
44:6a:2e:09:f2:70,196
44:6a:2e:09:c4:c0,459
44:6a:2e:09:c5:b1,335
44:6a:2e:09:f8:71,461
44:6a:2e:07:40:81,197
44:6a:2e:09:f5:01,462
44:6a:2e:09:f8:11,198
44:6a:2e:09:c4:61,212
44:6a:2e:09:c6:80,464
d4:50:3f:9c:1f:97,509
56:e4:bd:bc:fa:07,199
44:6a:2e:09:f6:a0,200
44:6a:2e:09:f8:10,466
ac:4e:91:61:21:81,201
00:06:f4:b8:1c:20,202
44:6a:2e:07:14:81,203
28:f3:66:a7:c3:c0,205
44:6a:2e:09:c2:51,430
a4:c6:4f:d5:fa:a0,313
44:6a:2e:09:f7:00,206
44:6a:2e:07:41:b0,207
44:6a:2e:09:f3:e1,208
44:6a:2e:09:c1:a0,209
44:6a:2e:09:c2:40,210
44:6a:2e:09:c4:80,211
44:6a:2e:09:d6:f1,217
0c:d8:6c:b9:51:90,213
80:89:17:1f:09:02,373
44:6a:2e:09:e9:50,214
44:6a:2e:09:bd:c1,215
44:6a:2e:09:d2:90,216
44:6a:2e:09:f8:70,218
44:6a:2e:09:c1:81,470
44:6a:2e:09:d6:21,219
00:06:f4:b8:12:d1,471
44:6a:2e:09:c7:d0,220
44:6a:2e:07:41:81,222
00:06:f4:b8:4a:00,223
44:6a:2e:07:43:90,473
44:6a:2e:00:fd:51,474
44:6a:2e:09:d8:c0,432
ac:4e:91:61:1f:c0,224
44:6a:2e:09:d7:d0,476
44:6a:2e:09:f6:50,161
44:6a:2e:09:f8:60,477
44:6a:2e:09:c3:e0,478
7a:11:dc:38:d3:58,311
44:6a:2e:09:c6:41,226
44:6a:2e:09:f2:61,32
56:e4:bd:bc:da:71,336
44:6a:2e:09:d6:a1,353
44:6a:2e:09:c3:80,227
44:6a:2e:09:f5:40,297
44:6a:2e:09:d5:d1,228
44:6a:2e:09:f8:00,229
44:6a:2e:09:d9:00,230
44:6a:2e:09:f2:f1,231
44:6a:2e:07:3f:a1,232
44:6a:2e:09:c4:c1,100
44:6a:2e:09:f6:30,402
44:6a:2e:09:c1:a1,482
44:6a:2e:09:f6:21,516
a4:c6:4f:d5:fa:e0,221
44:6a:2e:09:f2:e0,233
44:6a:2e:09:f1:01,235
ba:69:6c:39:0c:7c,485
44:6a:2e:09:c1:c0,236
44:6a:2e:09:bf:00,465
44:6a:2e:09:c4:50,237
a4:c6:4f:d5:fa:b0,238
44:6a:2e:09:f7:c1,239
a4:c6:4f:d5:fb:10,472
44:6a:2e:07:43:81,240
44:6a:2e:09:c3:f0,499
44:6a:2e:09:f2:60,487
44:6a:2e:07:43:10,241
28:f3:66:a7:96:f6,488
a4:c6:4f:d5:fb:60,242
00:06:f4:b8:1a:f1,490
a4:c6:4f:d5:fa:d1,475
44:6a:2e:09:c2:50,491
44:6a:2e:09:c5:80,244
44:6a:2e:09:f8:31,366
44:6a:2e:07:38:41,492
44:6a:2e:09:f8:91,245
44:6a:2e:09:c4:21,511
44:6a:2e:09:d8:70,493
44:6a:2e:09:c2:70,483
a4:c6:4f:d5:a6:60,246
44:6a:2e:07:43:01,247
a4:c6:4f:d5:df:21,494
44:6a:2e:07:41:a1,248
44:6a:2e:09:f6:a1,301
44:6a:2e:09:f1:21,171
44:6a:2e:09:c3:20,337
00:06:f4:b8:12:11,378
44:6a:2e:09:f7:a1,453
44:6a:2e:07:38:50,250
44:6a:2e:07:40:41,495
44:6a:2e:00:fa:b0,251
00:06:f4:b8:2c:11,496
44:6a:2e:09:f5:e0,437
44:6a:2e:09:e9:41,188
44:6a:2e:07:41:80,440
44:6a:2e:09:c2:b1,252
a4:c6:4f:d5:fa:81,500
44:6a:2e:01:10:20,253
44:6a:2e:07:0f:d0,396
44:6a:2e:09:c1:91,254
44:6a:2e:09:f4:21,501
44:6a:2e:09:f2:f0,502
44:6a:2e:09:c3:91,503
44:6a:2e:07:33:e0,504
44:6a:2e:09:ef:20,255
44:6a:2e:09:f2:b1,295
44:6a:2e:09:ef:30,469
44:6a:2e:07:3b:81,204
00:06:f4:b8:11:40,304
44:6a:2e:07:33:f0,256
44:6a:2e:09:c3:90,513
a4:c6:4f:d5:fa:80,479
44:6a:2e:09:f7:d0,257
44:6a:2e:09:d8:c1,506
00:06:f4:b8:17:f1,507
a4:c6:4f:d5:fa:f1,258
28:f3:66:a4:0a:ca,508
44:6a:2e:09:c5:81,383
44:6a:2e:09:f0:f1,305
44:6a:2e:09:f1:c1,342
a4:c6:4f:d5:fb:00,225
78:11:dc:39:d3:59,259
44:6a:2e:07:14:a1,438
44:6a:2e:09:c7:b1,364
44:6a:2e:09:c7:c0,91
44:6a:2e:09:f4:e1,271
44:6a:2e:09:d5:d0,514
28:f3:66:a7:a1:c6,515
44:6a:2e:09:c0:f0,260
