BSSID,SSID,Building,Floor,Location_x,Location_y,Frequency,AccX,AccY,AccZ,ORIx,ORIy,ORIz,Level,GeoX,GeoY,GeoZ,Model,Time
44:6a:2e:09:f4:90,none,IBSS,4N-right,50,5,none,none,none,none,none,none,none,-110,none,none,none,EVA-AL10,none
44:6a:2e:09:d2:d0,XJTLU,IBSS,4N-right,50,5,5805,9.5618,-0.6569,2.0758998,357.2436701168088,3.840872783052515,77.75097347340908,-85,-39.875,32.625,-10.125,EVA-AL10,1534320318284
a4:c6:4f:d5:df:30,none,IBSS,4N-right,50,5,none,none,none,none,none,none,none,-110,none,none,none,EVA-AL10,none
44:6a:2e:09:d6:20,none,IBSS,4N-right,50,5,none,none,none,none,none,none,none,-110,none,none,none,EVA-AL10,none
44:6a:2e:09:c0:c0,XJTLU,IBSS,4N-right,50,5,2412,-0.49769998,9.6438,1.7082,357.7477141718936,-79.54680096093469,-16.243974233210988,-81,11.4375,-29.875,-34.9375,EVA-AL10,1534319203049
00:06:f4:b8:12:30,none,IBSS,4N-right,50,5,none,none,none,none,none,none,none,-110,none,none,none,EVA-AL10,none
44:6a:2e:09:c1:c1,none,IBSS,4N-right,50,5,none,none,none,none,none,none,none,-110,none,none,none,EVA-AL10,none
44:6a:2e:07:41:91,eduroam,IBSS,4N-right,50,5,5765,-9.600599,0.1094,1.9964999,1.2224845465652188,-0.6391904468709495,-78.25244596227141,-85,37.5,37.5,-8.625,EVA-AL10,1534321642843
44:6a:2e:09:f7:01,eduroam,IBSS,4N-right,50,5,2437,-0.1281,0.5927,9.7878,195.9609313076912,-3.4650175048670566,-0.7498283590069019,-89,8.625,-30.5625,-23.5625,EVA-AL10,1534317710743
00:06:f4:b8:0f:a1,none,IBSS,4N-right,50,5,none,none,none,none,none,none,none,-110,none,none,none,EVA-AL10,none
56:e4:bd:bd:02:45,VSspeed-BDBD0245,IBSS,4N-right,50,5,2447,9.6792,-0.398,1.5245999,26.324423325442904,2.3259793003825875,81.0487117480963,-85,-31.0,26.5625,7.8125,EVA-AL10,1534319449920
44:6a:2e:09:c7:b0,XJTLU,IBSS,4N-right,50,5,5785,-9.5661,-0.47849998,2.1046999,351.342546543033,2.7967876549661517,-77.59167980158604,-85,23.25,35.5625,0.25,EVA-AL10,1534321255331
44:6a:2e:09:c0:30,XJTLU,IBSS,4N-right,50,5,5745,-0.0072999997,0.2112,9.804299,173.87092109686705,-1.2340498710990486,-0.04266078459167776,-86,-3.3125,-31.75,-31.4375,EVA-AL10,1534318372581
44:6a:2e:09:d6:e0,XJTLU,IBSS,4N-right,50,5,2412,-9.51,-0.90309995,2.2168,354.70591738611535,5.283901363153095,-76.87854658053418,-88,32.0625,35.6875,-4.375,EVA-AL10,1534322016366
44:6a:2e:09:d2:c0,none,IBSS,4N-right,50,5,none,none,none,none,none,none,none,-110,none,none,none,EVA-AL10,none
44:6a:2e:09:f4:a1,none,IBSS,4N-right,50,5,none,none,none,none,none,none,none,-110,none,none,none,EVA-AL10,none
a4:c6:4f:d5:fa:c1,eduroam,IBSS,4N-right,50,5,2462,-2.7261,1.6797,9.2691,44.62170780996334,-9.862410670904891,-16.388938168155338,-91,-11.5625,17.375,-43.75,EVA-AL10,1534322087683
00:06:f4:b8:1a:70,none,IBSS,4N-right,50,5,none,none,none,none,none,none,none,-110,none,none,none,EVA-AL10,none
44:6a:2e:09:d7:c1,none,IBSS,4N-right,50,5,none,none,none,none,none,none,none,-110,none,none,none,EVA-AL10,none
44:6a:2e:09:f2:71,none,IBSS,4N-right,50,5,none,none,none,none,none,none,none,-110,none,none,none,EVA-AL10,none
44:6a:2e:07:33:f1,none,IBSS,4N-right,50,5,none,none,none,none,none,none,none,-110,none,none,none,EVA-AL10,none
44:6a:2e:09:f4:81,none,IBSS,4N-right,50,5,none,none,none,none,none,none,none,-110,none,none,none,EVA-AL10,none
00:06:f4:b8:0f:90,none,IBSS,4N-right,50,5,none,none,none,none,none,none,none,-110,none,none,none,EVA-AL10,none
24:4c:07:00:d9:80,none,IBSS,4N-right,50,5,none,none,none,none,none,none,none,-110,none,none,none,EVA-AL10,none
44:6a:2e:09:c3:a0,XJTLU,IBSS,4N-right,50,5,2462,-9.4021,-0.61399996,2.7189999,356.76853718526354,3.5896870267965952,-73.87062006251978,-91,40.125,32.0625,-9.875,EVA-AL10,1534321934048
44:6a:2e:07:42:c0,none,IBSS,4N-right,50,5,none,none,none,none,none,none,none,-110,none,none,none,EVA-AL10,none
00:06:f4:b8:1b:10,none,IBSS,4N-right,50,5,none,none,none,none,none,none,none,-110,none,none,none,EVA-AL10,none
44:6a:2e:09:d2:81,eduroam,IBSS,4N-right,50,5,2412,-9.6027,0.1653,1.9826,24.71512147396118,-0.9658207651515375,-78.3344697040141,-82,26.875,26.125,-18.0625,EVA-AL10,1534320959053
44:6a:2e:07:40:01,none,IBSS,4N-right,50,5,none,none,none,none,none,none,none,-110,none,none,none,EVA-AL10,none
44:6a:2e:07:41:90,XJTLU,IBSS,4N-right,50,5,5765,-9.6398,-0.4522,1.7434,9.625493606711952,2.642945114431019,-79.74861939053022,-84,22.4375,21.4375,-7.5625,EVA-AL10,1534321190602
44:6a:2e:09:f6:20,XJTLU,IBSS,4N-right,50,5,2437,-9.689199,-0.16399999,1.504,358.5707467375166,0.9582262351247179,-81.1767163233315,-92,31.3125,39.5625,-3.875,EVA-AL10,1534321585008
44:6a:2e:07:40:91,eduroam,IBSS,4N-right,50,5,5785,-9.5898,-0.594,1.9627999,346.0914621044077,3.4726092601295258,-78.43270148465722,-79,37.875,36.1875,0.8125,EVA-AL10,1534322123720
44:6a:2e:09:c5:c1,eduroam,IBSS,4N-right,50,5,2437,-9.3139,0.6077,3.0086,353.7073821492736,-3.5528022977312337,-72.09837038800906,-89,41.6875,35.4375,-9.0625,EVA-AL10,1534321738582
00:06:f4:b8:1b:c0,none,IBSS,4N-right,50,5,none,none,none,none,none,none,none,-110,none,none,none,EVA-AL10,none
44:6a:2e:09:bf:11,eduroam,IBSS,4N-right,50,5,5745,-9.506,-0.306,2.3897998,1.1246451816342538,1.7881231408635339,-75.88833307542241,-87,42.125,37.0625,-11.3125,EVA-AL10,1534321787143
00:06:f4:b8:11:41,none,IBSS,4N-right,50,5,none,none,none,none,none,none,none,-110,none,none,none,EVA-AL10,none
44:6a:2e:09:c4:81,eduroam,IBSS,4N-right,50,5,2462,-9.6431,-0.1007,1.7801,347.9029606072103,0.588360979480508,-79.5410362812752,-88,41.75,30.625,-1.125,EVA-AL10,1534321949220
00:36:76:5e:d2:39,Winter,IBSS,4N-right,50,5,2437,-9.6739,-0.61719996,1.4847,346.8307216528085,3.6084171130480627,-81.27462025489447,-78,38.75,36.5625,2.125,EVA-AL10,1534322139520
00:06:f4:b8:0f:91,none,IBSS,4N-right,50,5,none,none,none,none,none,none,none,-110,none,none,none,EVA-AL10,none
44:6a:2e:09:c4:60,XJTLU,IBSS,4N-right,50,5,2437,-9.6859,-0.5078,1.4469999,347.8215789032496,2.9682029915752572,-81.50328132792815,-78,39.3125,36.125,1.5625,EVA-AL10,1534322139685
44:6a:2e:09:c1:41,none,IBSS,4N-right,50,5,none,none,none,none,none,none,none,-110,none,none,none,EVA-AL10,none
44:6a:2e:09:c2:71,eduroam,IBSS,4N-right,50,5,5765,-9.3314,-0.5517,2.9647,357.94536810708615,3.22505951238958,-72.37431003047757,-85,32.75,34.3125,-9.1875,EVA-AL10,1534322014443
44:6a:2e:09:c0:01,none,IBSS,4N-right,50,5,none,none,none,none,none,none,none,-110,none,none,none,EVA-AL10,none
44:6a:2e:09:c4:f1,eduroam,IBSS,4N-right,50,5,5745,-9.6401,-0.79649997,1.6132,346.14605836776457,4.658767018707208,-80.49999484074498,-76,43.0625,34.125,0.4375,EVA-AL10,1534322165036
a4:c6:4f:d5:ef:b1,eduroam,IBSS,4N-right,50,5,5805,-9.615399,-0.853,1.7278999,348.67734184209695,4.990027351471419,-79.8126046026749,-77,43.625,34.4375,-1.625,EVA-AL10,1534322164258
00:06:f4:b8:1a:91,none,IBSS,4N-right,50,5,none,none,none,none,none,none,none,-110,none,none,none,EVA-AL10,none
44:6a:2e:09:f7:d1,eduroam,IBSS,4N-right,50,5,5805,-9.758599,-0.8445,0.4759,348.353381700895,4.940158432793863,-87.20805339820873,-76,40.0625,35.4375,4.625,EVA-AL10,1534322151267
44:6a:2e:07:43:91,none,IBSS,4N-right,50,5,none,none,none,none,none,none,none,-110,none,none,none,EVA-AL10,none
44:6a:2e:07:40:50,XJTLU,IBSS,4N-right,50,5,5785,-9.5819,0.13499999,2.0827,1.1786023954168852,-0.7887753249539311,-77.73706037806977,-83,37.5625,36.1875,-8.9375,EVA-AL10,1534321642439
44:6a:2e:09:c5:d1,eduroam,IBSS,4N-right,50,5,5785,-9.4669,-0.1969,2.5513,347.6824266055153,1.1504757831364785,-74.91729874150003,-83,40.1875,34.875,-3.125,EVA-AL10,1534322138171
44:6a:2e:09:c7:a0,XJTLU,IBSS,4N-right,50,5,2412,9.5981,-0.8243,1.8345,14.33039769948895,4.821748138908407,79.1794733873714,-89,-29.8125,29.5,1.3125,EVA-AL10,1534319592954
44:6a:2e:09:f2:a0,none,IBSS,4N-right,50,5,none,none,none,none,none,none,none,-110,none,none,none,EVA-AL10,none
b0:d5:9d:ce:aa:37,WiFi-07,IBSS,4N-right,50,5,2437,-0.1418,-1.5162,9.6876,170.18954475687855,8.894226233413706,-0.8385938709863578,-91,-4.4375,-22.9375,-43.0,EVA-AL10,1534317498271
44:6a:2e:07:14:80,none,IBSS,4N-right,50,5,none,none,none,none,none,none,none,-110,none,none,none,EVA-AL10,none
44:6a:2e:09:d6:f0,XJTLU,IBSS,4N-right,50,5,5745,-0.2677,1.7162,9.6515,40.31943995366401,-10.078975478918485,-1.588783963215006,-84,-23.6875,22.9375,-38.1875,EVA-AL10,1534321607029
44:6a:2e:09:c4:b1,eduroam,IBSS,4N-right,50,5,5765,-9.6299,-0.8038,1.67,345.82129738688246,4.701520587816903,-80.16171606172176,-62,43.5,34.75,0.4375,EVA-AL10,1534322164868
44:6a:2e:07:14:a0,none,IBSS,4N-right,50,5,none,none,none,none,none,none,none,-110,none,none,none,EVA-AL10,none
44:6a:2e:07:40:90,XJTLU,IBSS,4N-right,50,5,5785,-9.5873995,-0.598,1.9713999,346.16451951531747,3.511833542429028,-78.38079887715429,-79,37.6875,35.875,0.6875,EVA-AL10,1534322123760
44:6a:2e:07:3b:b0,none,IBSS,4N-right,50,5,none,none,none,none,none,none,none,-110,none,none,none,EVA-AL10,none
00:06:f4:b8:17:f0,none,IBSS,4N-right,50,5,none,none,none,none,none,none,none,-110,none,none,none,EVA-AL10,none
44:6a:2e:09:c0:c1,eduroam,IBSS,4N-right,50,5,2412,-9.688499,-0.5452,1.4158,348.1767427636747,3.187025177109541,-81.68609817125271,-86,39.4375,36.25,1.4375,EVA-AL10,1534322139807
ac:4e:91:61:21:01,none,IBSS,4N-right,50,5,none,none,none,none,none,none,none,-110,none,none,none,EVA-AL10,none
44:6a:2e:09:c3:a1,eduroam,IBSS,4N-right,50,5,2462,9.6143,0.0799,1.9309,13.276077746374735,-0.46682646101915226,78.64400021682074,-89,-31.9375,27.4375,0.25,EVA-AL10,1534320683256
a4:c6:4f:d5:fb:61,eduroam,IBSS,4N-right,50,5,2462,0.0356,-1.6610999,9.6648,190.91160468073255,9.752144096944205,0.21104632198912812,-89,5.125,-21.25,-37.5625,EVA-AL10,1534317081878
44:6a:2e:09:f1:c0,XJTLU,IBSS,4N-right,50,5,2437,-0.1761,-1.6578,9.663799,173.6910685556423,9.73260975591797,-1.0439651728890649,-89,-3.0625,-27.9375,-40.125,EVA-AL10,1534317566144
44:6a:2e:07:14:90,none,IBSS,4N-right,50,5,none,none,none,none,none,none,none,-110,none,none,none,EVA-AL10,none
44:6a:2e:09:f6:31,eduroam,IBSS,4N-right,50,5,5785,-9.7599,-0.8066,0.5126,346.6320365724947,4.717958291828185,-86.99353081675697,-86,40.25,36.1875,5.6875,EVA-AL10,1534322151493
44:6a:2e:07:36:50,none,IBSS,4N-right,50,5,none,none,none,none,none,none,none,-110,none,none,none,EVA-AL10,none
a4:c6:4f:d5:fb:01,eduroam,IBSS,4N-right,50,5,2462,-9.459499,-0.9198,2.417,355.42033468273115,5.381891525854329,-75.66699396517897,-87,32.75,35.6875,-5.6875,EVA-AL10,1534322015362
44:6a:2e:07:43:00,XJTLU,IBSS,4N-right,50,5,2462,-9.6174,-0.6744,1.7943,359.5880054972249,3.9433576371144405,-79.43193766966257,-87,37.0,32.125,-6.6875,EVA-AL10,1534321964607
44:6a:2e:07:33:e1,none,IBSS,4N-right,50,5,none,none,none,none,none,none,none,-110,none,none,none,EVA-AL10,none
44:6a:2e:09:f2:00,none,IBSS,4N-right,50,5,none,none,none,none,none,none,none,-110,none,none,none,EVA-AL10,none
ac:4e:91:61:21:00,none,IBSS,4N-right,50,5,none,none,none,none,none,none,none,-110,none,none,none,EVA-AL10,none
44:6a:2e:07:41:41,none,IBSS,4N-right,50,5,none,none,none,none,none,none,none,-110,none,none,none,EVA-AL10,none
00:06:f4:b8:20:51,none,IBSS,4N-right,50,5,none,none,none,none,none,none,none,-110,none,none,none,EVA-AL10,none
44:6a:2e:09:be:60,none,IBSS,4N-right,50,5,none,none,none,none,none,none,none,-110,none,none,none,EVA-AL10,none
44:6a:2e:09:f1:60,XJTLU,IBSS,4N-right,50,5,2437,-0.063,0.93729997,9.761499,164.79480180321403,-5.4846167171976745,-0.3697776104433369,-88,-8.8125,-36.5,-32.8125,EVA-AL10,1534318471852
00:06:f4:b8:17:30,none,IBSS,4N-right,50,5,none,none,none,none,none,none,none,-110,none,none,none,EVA-AL10,none
00:06:f4:b8:12:e1,none,IBSS,4N-right,50,5,none,none,none,none,none,none,none,-110,none,none,none,EVA-AL10,none
44:6a:2e:09:c6:51,eduroam,IBSS,4N-right,50,5,5745,-9.5842,-0.41889998,2.0341,350.65743246550386,2.448191875201626,-78.0176445491739,-84,24.125,35.9375,0.75,EVA-AL10,1534321253981
44:6a:2e:09:f4:a0,none,IBSS,4N-right,50,5,none,none,none,none,none,none,none,-110,none,none,none,EVA-AL10,none
44:6a:2e:09:d7:61,none,IBSS,4N-right,50,5,none,none,none,none,none,none,none,-110,none,none,none,EVA-AL10,none
44:6a:2e:09:f5:11,eduroam,IBSS,4N-right,50,5,5805,-9.721499,-0.68729997,1.0904,349.25738028943465,4.018905505750305,-83.60023819558128,-82,41.6875,35.0,1.4375,EVA-AL10,1534322151079
44:6a:2e:09:c5:c0,XJTLU,IBSS,4N-right,50,5,2437,-9.7493,-0.7506,0.74649996,347.7462581384036,4.38972629418723,-85.62142777477145,-90,41.875,35.5,3.8125,EVA-AL10,1534322152781
28:f3:66:a7:b0:70,Mixers-9872,IBSS,4N-right,50,5,2422,-9.7456,-0.7492,0.79469997,348.09380548413054,4.3815215294467516,-85.33815933932351,-88,40.75,35.4375,3.5,EVA-AL10,1534322153023
44:6a:2e:09:f4:91,none,IBSS,4N-right,50,5,none,none,none,none,none,none,none,-110,none,none,none,EVA-AL10,none
ac:4e:91:61:1f:c1,none,IBSS,4N-right,50,5,none,none,none,none,none,none,none,-110,none,none,none,EVA-AL10,none
44:6a:2e:09:d2:d1,eduroam,IBSS,4N-right,50,5,5805,-9.4739,-0.3117,2.5133,345.9119920537765,1.821444325451147,-75.14242177654366,-82,37.625,34.8125,-1.25,EVA-AL10,1534322098835
44:6a:2e:09:f5:60,XJTLU,IBSS,4N-right,50,5,2462,0.24049999,9.6321,1.8256999,340.1547351023662,-79.1767618022709,7.504381775059077,-88,5.5625,-31.125,-35.6875,EVA-AL10,1534319202063
44:6a:2e:09:c6:50,XJTLU,IBSS,4N-right,50,5,5745,-9.6468,-0.2077,1.7507,354.8998204802365,1.2135967629077398,-79.71391519935739,-88,33.5625,43.75,-2.1875,EVA-AL10,1534321322732
44:6a:2e:09:c2:a1,eduroam,IBSS,4N-right,50,5,2412,-9.6607,-0.70669997,1.5302,344.93031287003265,4.132514176649243,-80.99944559361299,-76,44.0625,33.625,1.3125,EVA-AL10,1534322165808
00:06:f4:b8:16:d0,none,IBSS,4N-right,50,5,none,none,none,none,none,none,none,-110,none,none,none,EVA-AL10,none
44:6a:2e:09:f5:e1,none,IBSS,4N-right,50,5,none,none,none,none,none,none,none,-110,none,none,none,EVA-AL10,none
44:6a:2e:09:f1:40,none,IBSS,4N-right,50,5,none,none,none,none,none,none,none,-110,none,none,none,EVA-AL10,none
44:6a:2e:09:c2:b0,XJTLU,IBSS,4N-right,50,5,5825,-9.6178,-0.83989996,1.7208999,348.0612331657524,4.913206506328993,-79.85549136047341,-59,42.9375,34.875,-1.0,EVA-AL10,1534322164123
44:6a:2e:09:f5:d0,XJTLU,IBSS,4N-right,50,5,5825,-0.0026999998,-0.0846,9.8062,196.5045050825975,0.4942896378155686,-0.015775590875927257,-86,8.375,-28.0,-27.875,EVA-AL10,1534317717787
00:06:f4:b8:1a:90,none,IBSS,4N-right,50,5,none,none,none,none,none,none,none,-110,none,none,none,EVA-AL10,none
44:6a:2e:09:f2:c1,none,IBSS,4N-right,50,5,none,none,none,none,none,none,none,-110,none,none,none,EVA-AL10,none
84:a9:c4:ef:fb:2b,none,IBSS,4N-right,50,5,none,none,none,none,none,none,none,-110,none,none,none,EVA-AL10,none
44:6a:2e:07:3b:a1,none,IBSS,4N-right,50,5,none,none,none,none,none,none,none,-110,none,none,none,EVA-AL10,none
00:06:f4:b8:1c:10,none,IBSS,4N-right,50,5,none,none,none,none,none,none,none,-110,none,none,none,EVA-AL10,none
44:6a:2e:09:f6:b0,XJTLU,IBSS,4N-right,50,5,5765,-9.627299,-0.80689996,1.6829,346.43506843098356,4.719739690541089,-80.08459639580315,-76,43.8125,34.9375,0.0,EVA-AL10,1534322164835
a4:c6:4f:d5:b1:d0,XJTLU,IBSS,4N-right,50,5,5745,-9.6481,-0.4243,1.7039,10.939373554891345,2.4797812866695232,-79.98456827540831,-85,22.125,21.875,-8.0,EVA-AL10,1534321190975
44:6a:2e:00:fa:a0,XJTLU,IBSS,4N-right,50,5,2437,0.1267,9.7408,1.1271,347.42655576637554,-83.35845632915199,6.413829802832059,-89,2.9375,-31.6875,-35.125,EVA-AL10,1534318982385
00:06:f4:b8:11:20,none,IBSS,4N-right,50,5,none,none,none,none,none,none,none,-110,none,none,none,EVA-AL10,none
44:6a:2e:09:f5:f0,none,IBSS,4N-right,50,5,none,none,none,none,none,none,none,-110,none,none,none,EVA-AL10,none
00:06:f4:b8:49:30,none,IBSS,4N-right,50,5,none,none,none,none,none,none,none,-110,none,none,none,EVA-AL10,none
44:6a:2e:09:bf:60,XJTLU,IBSS,4N-right,50,5,2437,-9.7501,-0.7564,0.7302,348.23049464489543,4.423707339081689,-85.71702310239495,-87,41.4375,34.875,3.5,EVA-AL10,1534322152713
00:06:f4:b8:1b:b1,none,IBSS,4N-right,50,5,none,none,none,none,none,none,none,-110,none,none,none,EVA-AL10,none
84:a9:c4:ef:fb:4b,none,IBSS,4N-right,50,5,none,none,none,none,none,none,none,-110,none,none,none,EVA-AL10,none
44:6a:2e:09:f6:41,eduroam,IBSS,4N-right,50,5,2412,-9.6544,-0.6888,1.5770999,346.40332341926865,4.027686567702003,-80.72235847936392,-91,43.5,33.875,0.4375,EVA-AL10,1534322165926
a4:c6:4f:d5:fb:71,eduroam,IBSS,4N-right,50,5,5825,-9.5289,-0.086899996,2.3155,359.59308358279026,0.5077272879556283,-76.34198057971632,-84,38.9375,37.875,-9.1875,EVA-AL10,1534321734434
44:6a:2e:09:ef:21,none,IBSS,4N-right,50,5,none,none,none,none,none,none,none,-110,none,none,none,EVA-AL10,none
44:6a:2e:09:c4:91,eduroam,IBSS,4N-right,50,5,5805,-9.6144,-0.8398,1.7396,347.98128324019643,4.9126421619488205,-79.74403633359714,-69,43.375,34.875,-1.125,EVA-AL10,1534322164293
a4:c6:4f:d5:a6:61,eduroam,IBSS,4N-right,50,5,2462,-9.5427,-0.4441,2.2154999,349.91360437432195,2.5955830886222695,-76.92937001814825,-92,23.9375,35.625,0.75,EVA-AL10,1534321256216
00:ec:0a:7b:b9:10,surf,IBSS,4N-right,50,5,2462,-9.65,-0.7841,1.5594,348.65050602884793,4.58606605829477,-80.82059026000704,-66,43.5,34.4375,-0.75,EVA-AL10,1534322165356
44:6a:2e:09:d6:b0,XJTLU,IBSS,4N-right,50,5,5765,-9.7635,-0.75549996,0.5222,345.3735784867881,4.418442543892079,-86.93845900147916,-76,40.75,34.75,6.0625,EVA-AL10,1534322151733
00:06:f4:b8:11:11,none,IBSS,4N-right,50,5,none,none,none,none,none,none,none,-110,none,none,none,EVA-AL10,none
44:6a:2e:09:f6:51,eduroam,IBSS,4N-right,50,5,5745,-9.7648,-0.71199995,0.5578,346.83364838886786,4.1635757425603455,-86.73061634503567,-84,40.4375,35.0,5.1875,EVA-AL10,1534322152063
44:6a:2e:09:f7:41,eduroam,IBSS,4N-right,50,5,2462,-9.4594,-0.91169995,2.4204,355.4714172406469,5.334366215835734,-75.64752109585527,-92,32.5625,35.5625,-5.6875,EVA-AL10,1534322015329
44:6a:2e:07:3f:b0,XJTLU,IBSS,4N-right,50,5,5765,-9.628099,-0.8093,1.6775999,346.3390803674828,4.733773167964527,-80.11600843579603,-74,42.6875,35.0,0.3125,EVA-AL10,1534322164692
44:6a:2e:07:3b:a0,none,IBSS,4N-right,50,5,none,none,none,none,none,none,none,-110,none,none,none,EVA-AL10,none
bc:d1:77:5c:11:c0,TP-LINK_5C11C0,IBSS,4N-right,50,5,2412,9.7252,-0.65569997,1.0774,11.869528352857547,3.8338189051871843,83.67830042760535,-92,-31.75,28.25,2.0,EVA-AL10,1534320641788
44:6a:2e:09:f1:81,eduroam,IBSS,4N-right,50,5,2412,-9.5729,-0.27809998,2.1099,2.8510750657064707,1.6250371132255528,-77.57053353591569,-85,41.875,37.1875,-11.0625,EVA-AL10,1534321788808
44:6a:2e:09:f4:b1,none,IBSS,4N-right,50,5,none,none,none,none,none,none,none,-110,none,none,none,EVA-AL10,none
44:6a:2e:09:f6:b1,eduroam,IBSS,4N-right,50,5,5765,-8.0533,-1.7468,5.3162,5.4138785823979685,10.26058679385454,-56.57012314018724,-78,22.625,41.6875,-19.0,EVA-AL10,1534322085297
44:6a:2e:09:f5:61,eduroam,IBSS,4N-right,50,5,2462,0.21059999,9.6349,1.8147999,341.0474374117923,-79.26299977073148,6.619329704390233,-88,5.6875,-31.3125,-35.8125,EVA-AL10,1534319202033
44:6a:2e:09:c6:21,none,IBSS,4N-right,50,5,none,none,none,none,none,none,none,-110,none,none,none,EVA-AL10,none
b4:0f:3b:9d:3f:28,none,IBSS,4N-right,50,5,none,none,none,none,none,none,none,-110,none,none,none,EVA-AL10,none
a4:c6:4f:d5:fa:f0,XJTLU,IBSS,4N-right,50,5,5805,-9.7017,-0.6252,1.2867,348.9170908734745,3.655254708394602,-82.44516441447291,-82,41.8125,34.25,0.6875,EVA-AL10,1534322151048
44:6a:2e:09:d8:71,eduroam,IBSS,4N-right,50,5,5805,9.3984995,-1.1086,2.5705,4.892166535477592,6.490991730546162,74.70362310350536,-87,-38.25,33.0625,-7.9375,EVA-AL10,1534320164426
44:6a:2e:09:f8:30,XJTLU,IBSS,4N-right,50,5,5765,-9.5948,0.25599998,2.0107,20.70360111025095,-1.4958745007609093,-78.16428871065406,-85,28.4375,24.875,-15.875,EVA-AL10,1534320978748
00:06:f4:b8:0f:a0,none,IBSS,4N-right,50,5,none,none,none,none,none,none,none,-110,none,none,none,EVA-AL10,none
44:6a:2e:09:e9:40,XJTLU,IBSS,4N-right,50,5,2462,-9.5127,-0.31059998,2.3625998,0.9764731922141128,1.8150028167335903,-76.05208003058429,-86,39.1875,37.875,-10.375,EVA-AL10,1534321738013
44:6a:2e:09:c5:90,XJTLU,IBSS,4N-right,50,5,5825,9.323,-0.9052,2.9036999,4.0294017989573225,5.296242234322839,72.70051303504822,-85,-39.1875,32.0625,-10.125,EVA-AL10,1534320163581
00:06:f4:b8:1a:81,none,IBSS,4N-right,50,5,none,none,none,none,none,none,none,-110,none,none,none,EVA-AL10,none
44:6a:2e:09:c0:21,eduroam,IBSS,4N-right,50,5,2412,-9.7439995,-0.7474,0.81509995,347.90650206029494,4.370997915483055,-85.21825536844393,-89,40.3125,34.8125,3.4375,EVA-AL10,1534322153275
44:6a:2e:09:f0:e1,eduroam,IBSS,4N-right,50,5,2412,-9.7441,-0.76519996,0.7973,347.6119740580002,4.4753025880719655,-85.32225865893572,-89,41.125,35.0,3.625,EVA-AL10,1534322153240
56:e4:bd:be:90:79,none,IBSS,4N-right,50,5,none,none,none,none,none,none,none,-110,none,none,none,EVA-AL10,none
44:6a:2e:09:c5:91,eduroam,IBSS,4N-right,50,5,5825,-9.635,-0.205,1.8151,0.13205246283443323,1.1978120890141344,-79.33130849262078,-87,35.625,43.9375,-6.8125,EVA-AL10,1534321352903
44:6a:2e:07:3f:a0,XJTLU,IBSS,4N-right,50,5,2437,-2.7686,-0.4815,9.3953,25.407330410490708,2.814341881463319,-16.41915150994889,-83,-4.5625,32.1875,-35.8125,EVA-AL10,1534322086563
00:06:f4:b8:11:10,none,IBSS,4N-right,50,5,none,none,none,none,none,none,none,-110,none,none,none,EVA-AL10,none
44:6a:2e:09:f8:21,eduroam,IBSS,4N-right,50,5,2412,-9.6881,-0.2505,1.4988999,15.139732427453149,1.4637290692058906,-81.20518455179212,-90,32.125,27.0,-12.125,EVA-AL10,1534320996412
a4:c6:4f:d5:b1:d1,eduroam,IBSS,4N-right,50,5,5745,-9.5743,0.0748,2.1204998,1.6085192612132289,-0.4370289069913254,-77.51181439962109,-85,37.4375,37.375,-9.375,EVA-AL10,1534321643298
00:06:f4:b8:1c:11,none,IBSS,4N-right,50,5,none,none,none,none,none,none,none,-110,none,none,none,EVA-AL10,none
44:6a:2e:09:c1:b0,XJTLU,IBSS,4N-right,50,5,5785,-9.669,-0.3083,1.6074,355.8354279035945,1.801572316947818,-80.56131627911336,-84,31.0625,39.625,-2.3125,EVA-AL10,1534321583390
8c:25:05:d6:fa:6d,none,IBSS,4N-right,50,5,none,none,none,none,none,none,none,-110,none,none,none,EVA-AL10,none
44:6a:2e:09:f6:81,none,IBSS,4N-right,50,5,none,none,none,none,none,none,none,-110,none,none,none,EVA-AL10,none
44:6a:2e:09:f6:80,none,IBSS,4N-right,50,5,none,none,none,none,none,none,none,-110,none,none,none,EVA-AL10,none
a4:c6:4f:d5:df:20,none,IBSS,4N-right,50,5,none,none,none,none,none,none,none,-110,none,none,none,EVA-AL10,none
44:6a:2e:07:41:b1,none,IBSS,4N-right,50,5,none,none,none,none,none,none,none,-110,none,none,none,EVA-AL10,none
44:6a:2e:07:41:a0,XJTLU,IBSS,4N-right,50,5,2462,-0.081099994,0.2377,9.8034,172.96369439017093,-1.3889134181933922,-0.4739765485022449,-91,-3.4375,-30.875,-33.0625,EVA-AL10,1534318350352
44:6a:2e:09:f2:11,none,IBSS,4N-right,50,5,none,none,none,none,none,none,none,-110,none,none,none,EVA-AL10,none
44:6a:2e:07:0f:d1,none,IBSS,4N-right,50,5,none,none,none,none,none,none,none,-110,none,none,none,EVA-AL10,none
44:6a:2e:09:c2:a0,XJTLU,IBSS,4N-right,50,5,2412,-9.659699,-0.6929,1.5423,345.93536752243716,4.051712611881169,-80.92853456964993,-76,44.625,33.0,0.4375,EVA-AL10,1534322165889
a4:c6:4f:d5:fa:90,XJTLU,IBSS,4N-right,50,5,5745,-9.5254,-0.92789996,2.1387,346.88193099611067,5.429477880688631,-77.34547197257459,-83,35.125,36.6875,0.0625,EVA-AL10,1534322100139
44:6a:2e:09:bd:d0,XJTLU,IBSS,4N-right,50,5,5785,-9.5148,-0.4441,2.3325999,345.18795614326194,2.5955709223478105,-76.22532777888168,-83,37.375,35.5625,0.0625,EVA-AL10,1534322099415
44:6a:2e:09:c3:b1,eduroam,IBSS,4N-right,50,5,5745,-9.5639,-0.8077,2.0119998,346.71874411646075,4.724415381914786,-78.11967391499554,-80,35.3125,37.125,0.8125,EVA-AL10,1534322100341
44:6a:2e:09:c4:f0,XJTLU,IBSS,4N-right,50,5,5745,-9.624,-0.85899997,1.6761999,348.2960951967788,5.025224170038141,-80.11996994551464,-74,42.625,34.375,-1.0,EVA-AL10,1534322165204
44:6a:2e:09:c6:40,XJTLU,IBSS,4N-right,50,5,2437,-9.6195,-0.26139998,1.8884,354.7287169844517,1.5274313621085434,-78.89352751776882,-90,34.25,43.1875,-2.75,EVA-AL10,1534321323344
44:6a:2e:09:f5:00,XJTLU,IBSS,4N-right,50,5,2437,-9.6467,-0.857,1.5416,347.6820091102022,5.013469841363372,-80.92056373888852,-81,37.75,36.3125,1.25,EVA-AL10,1534322139154
84:a9:c4:f0:01:6b,none,IBSS,4N-right,50,5,none,none,none,none,none,none,none,-110,none,none,none,EVA-AL10,none
44:6a:2e:09:c7:a1,eduroam,IBSS,4N-right,50,5,2412,9.4761,-0.49519998,2.4754,16.984122559977543,2.8944745145795547,75.3600247733111,-89,-33.125,26.5,-0.8125,EVA-AL10,1534320576602
44:6a:2e:09:f2:10,none,IBSS,4N-right,50,5,none,none,none,none,none,none,none,-110,none,none,none,EVA-AL10,none
44:6a:2e:09:d2:80,XJTLU,IBSS,4N-right,50,5,2412,-9.4899,-0.019299999,2.4721,6.850256265794249,0.11276147397780491,-75.39905930441772,-87,31.375,28.375,-11.6875,EVA-AL10,1534321065722
a4:c6:4f:d5:fa:b1,eduroam,IBSS,4N-right,50,5,5805,-9.5831995,0.1683,2.0744998,2.3688357492166556,-0.9833523666470793,-77.78550007966349,-86,37.4375,36.75,-9.6875,EVA-AL10,1534321642070
44:6a:2e:09:f6:90,none,IBSS,4N-right,50,5,none,none,none,none,none,none,none,-110,none,none,none,EVA-AL10,none
44:6a:2e:09:f2:c0,none,IBSS,4N-right,50,5,none,none,none,none,none,none,none,-110,none,none,none,EVA-AL10,none
44:6a:2e:07:40:40,XJTLU,IBSS,4N-right,50,5,2437,-9.635799,-0.0915,1.8199999,347.1198068481084,0.5346032285659822,-79.30403554726492,-87,42.0625,30.5,-0.9375,EVA-AL10,1534321949567
44:6a:2e:07:0f:c0,none,IBSS,4N-right,50,5,none,none,none,none,none,none,none,-110,none,none,none,EVA-AL10,none
28:f3:66:a7:c3:4e,Mixers-9720,IBSS,4N-right,50,5,2422,9.7196,-0.17819999,1.2911999,7.383849426775862,1.0412030017000293,82.43284958339937,-89,-22.5625,25.25,0.25,EVA-AL10,1534319673567
44:6a:2e:09:c4:d1,eduroam,IBSS,4N-right,50,5,5785,-9.6184,-0.8275,1.7236999,346.72378906493645,4.840482494028105,-79.83995268011164,-66,43.75,34.125,-0.5625,EVA-AL10,1534322164579
44:6a:2e:09:c0:e0,XJTLU,IBSS,4N-right,50,5,2437,-9.6574,-0.7924,1.5085,348.4635167937142,4.6347209108473555,-81.12205431940389,-84,43.8125,34.625,-0.4375,EVA-AL10,1534322165433
44:6a:2e:09:d5:c1,eduroam,IBSS,4N-right,50,5,2437,-9.748799,-0.7439,0.75949997,348.1624343711372,4.350471489479873,-85.54525750514748,-84,41.6875,34.4375,3.3125,EVA-AL10,1534322152850
00:06:f4:b8:2a:50,none,IBSS,4N-right,50,5,none,none,none,none,none,none,none,-110,none,none,none,EVA-AL10,none
44:6a:2e:09:c4:e1,eduroam,IBSS,4N-right,50,5,2437,-9.748099,-0.74579996,0.7671,347.50651508344157,4.3615863416936,-85.50054025665139,-79,40.75,35.875,4.0625,EVA-AL10,1534322152923
44:6a:2e:07:40:51,eduroam,IBSS,4N-right,50,5,5785,-9.4788,0.044499997,2.5138,357.76741713321496,-0.2599961666767071,-75.14693653158504,-85,37.625,41.125,-8.3125,EVA-AL10,1534321368690
44:6a:2e:09:c0:31,eduroam,IBSS,4N-right,50,5,5745,9.5218,-0.4511,2.3023,5.01558506557196,2.636524309724384,76.40719522591161,-78,-33.625,34.1875,-5.1875,EVA-AL10,1534320226830
00:06:f4:b8:1b:21,none,IBSS,4N-right,50,5,none,none,none,none,none,none,none,-110,none,none,none,EVA-AL10,none
44:6a:2e:09:f3:a1,eduroam,IBSS,4N-right,50,5,2412,-0.1815,-1.4945999,9.6903,176.09276797349386,8.766506818576346,-1.0730285883028212,-88,-1.25,-24.1875,-46.0,EVA-AL10,1534317486508
44:6a:2e:09:c0:f1,eduroam,IBSS,4N-right,50,5,5745,-9.6254,-0.7998,1.6973,347.58496919756925,4.678100296039752,-79.99952638969064,-78,43.375,34.75,-0.6875,EVA-AL10,1534322165100
a4:c6:4f:d5:fa:a1,eduroam,IBSS,4N-right,50,5,2462,9.7702,-0.2025,0.8196,358.8226998228371,1.1832042353701813,85.20481355615736,-89,-41.1875,30.3125,-4.0625,EVA-AL10,1534320179250
44:6a:2e:09:f7:11,none,IBSS,4N-right,50,5,none,none,none,none,none,none,none,-110,none,none,none,EVA-AL10,none
44:6a:2e:09:f2:a1,none,IBSS,4N-right,50,5,none,none,none,none,none,none,none,-110,none,none,none,EVA-AL10,none
44:6a:2e:09:f7:50,XJTLU,IBSS,4N-right,50,5,5825,-9.566999,0.2082,2.1445,3.167455404476985,-1.2165131469616293,-77.36565518157198,-84,37.25,36.0,-10.4375,EVA-AL10,1534321641280
44:6a:2e:09:d6:e1,eduroam,IBSS,4N-right,50,5,2412,-9.6201,-0.32979998,1.8747,7.012749881243437,1.9272420347039403,-78.97279186308681,-90,22.9375,23.0,-7.25,EVA-AL10,1534321192170
44:6a:2e:07:3f:b1,eduroam,IBSS,4N-right,50,5,5765,-9.5243,-0.7374,2.2166,346.0692383763958,4.31238464712059,-76.89870929896406,-74,36.5625,36.4375,0.0625,EVA-AL10,1534322099805
44:6a:2e:09:f7:a0,XJTLU,IBSS,4N-right,50,5,2462,0.2631,9.7253,1.2322,337.9123703374727,-82.61807065331179,12.052832700934117,-86,3.75,-38.5625,-32.4375,EVA-AL10,1534319223476
44:6a:2e:09:d8:60,XJTLU,IBSS,4N-right,50,5,2437,-9.6872,-0.1566,1.5172,358.1070307873341,0.914991244400243,-81.09870190263162,-83,31.5,39.625,-3.625,EVA-AL10,1534321584944
a4:c6:4f:d5:fa:91,eduroam,IBSS,4N-right,50,5,5745,-9.642,-0.7938,1.6036999,346.2870659156322,4.642896220397038,-80.55676054293696,-84,43.625,34.1875,0.3125,EVA-AL10,1534322165004
a4:c6:4f:d5:fa:e1,eduroam,IBSS,4N-right,50,5,2437,-9.609099,-0.728,1.8176,346.5980597964685,4.257331187976171,-79.28881788579413,-86,35.0625,36.6875,1.625,EVA-AL10,1534322100795
44:6a:2e:07:41:40,none,IBSS,4N-right,50,5,none,none,none,none,none,none,none,-110,none,none,none,EVA-AL10,none
44:6a:2e:09:f2:d0,none,IBSS,4N-right,50,5,none,none,none,none,none,none,none,-110,none,none,none,EVA-AL10,none
44:6a:2e:09:c2:61,eduroam,IBSS,4N-right,50,5,2437,-9.6839,-0.53099996,1.4521999,347.02322370437616,3.1039346451958663,-81.47145947658507,-84,39.1875,35.9375,2.0,EVA-AL10,1534322139644
44:6a:2e:09:c4:b0,XJTLU,IBSS,4N-right,50,5,5765,-9.6348,-0.80219996,1.6421,347.44560601774435,4.692155544691169,-80.32777162082311,-63,43.1875,34.25,-0.4375,EVA-AL10,1534322164932
44:6a:2e:09:f7:10,none,IBSS,4N-right,50,5,none,none,none,none,none,none,none,-110,none,none,none,EVA-AL10,none
44:6a:2e:09:d8:a0,none,IBSS,4N-right,50,5,none,none,none,none,none,none,none,-110,none,none,none,EVA-AL10,none
44:6a:2e:09:f5:10,XJTLU,IBSS,4N-right,50,5,5805,-9.4759,-0.3373,2.5026,345.6857847262021,1.9710882206374256,-75.20588106412225,-82,37.3125,33.875,-1.25,EVA-AL10,1534322098927
44:6a:2e:09:c4:51,eduroam,IBSS,4N-right,50,5,5785,-9.618199,-0.82449996,1.726,346.72484262161595,4.822914393709186,-79.82646988669002,-71,44.1875,34.0,-0.6875,EVA-AL10,1534322164541
44:6a:2e:09:c2:41,eduroam,IBSS,4N-right,50,5,2462,-9.6412,-0.803,1.6036999,347.86915031704507,4.696845323330029,-80.55598873156075,-89,42.5,34.5625,-0.3125,EVA-AL10,1534322165323
44:6a:2e:09:f1:b1,none,IBSS,4N-right,50,5,none,none,none,none,none,none,none,-110,none,none,none,EVA-AL10,none
56:e4:bd:bc:d2:dd,VSspeed-BDBCD2DD,IBSS,4N-right,50,5,2457,-0.1375,0.2875,9.8014,169.40190100217103,-1.6799840641076014,-0.8037273027381766,-89,-4.9375,-30.4375,-38.75,EVA-AL10,1534318291883
44:6a:2e:09:c4:e0,XJTLU,IBSS,4N-right,50,5,2437,-9.6573,-0.8114,1.4991,347.71261860296767,4.746096963661345,-81.17641579500803,-79,43.375,35.0625,0.1875,EVA-AL10,1534322165522
00:06:f4:b8:49:f1,none,IBSS,4N-right,50,5,none,none,none,none,none,none,none,-110,none,none,none,EVA-AL10,none
44:6a:2e:09:f1:91,eduroam,IBSS,4N-right,50,5,5785,-0.1476,0.6538,9.7837,168.44796946193037,-3.8226972227842877,-0.8643167369265962,-84,-6.25,-35.0,-31.0,EVA-AL10,1534318441137
00:06:f4:b8:1a:f0,none,IBSS,4N-right,50,5,none,none,none,none,none,none,none,-110,none,none,none,EVA-AL10,none
44:6a:2e:09:f4:00,none,IBSS,4N-right,50,5,none,none,none,none,none,none,none,-110,none,none,none,EVA-AL10,none
44:6a:2e:09:c4:20,none,IBSS,4N-right,50,5,none,none,none,none,none,none,none,-110,none,none,none,EVA-AL10,none
44:6a:2e:09:f1:a0,none,IBSS,4N-right,50,5,none,none,none,none,none,none,none,-110,none,none,none,EVA-AL10,none
44:6a:2e:09:f6:91,none,IBSS,4N-right,50,5,none,none,none,none,none,none,none,-110,none,none,none,EVA-AL10,none
44:6a:2e:09:d5:c0,XJTLU,IBSS,4N-right,50,5,2437,-9.751699,-0.73759997,0.72709996,347.6377631447589,4.313579076451696,-85.73584027355834,-84,40.6875,34.5625,3.875,EVA-AL10,1534322152606
00:06:f4:b8:4f:b0,none,IBSS,4N-right,50,5,none,none,none,none,none,none,none,-110,none,none,none,EVA-AL10,none
44:6a:2e:09:d8:a1,none,IBSS,4N-right,50,5,none,none,none,none,none,none,none,-110,none,none,none,EVA-AL10,none
a4:c6:4f:d5:fb:70,XJTLU,IBSS,4N-right,50,5,5825,-9.4955,-0.4096,2.4159,345.06316517203123,2.3938212215307972,-75.7253442712584,-85,37.25,35.0625,-0.25,EVA-AL10,1534322098387
44:6a:2e:09:c3:b0,XJTLU,IBSS,4N-right,50,5,5745,-9.5864,-0.54289997,1.9937999,347.60751138315123,3.1735611667081534,-78.25099796216738,-85,39.9375,35.0625,-0.9375,EVA-AL10,1534322138853
44:6a:2e:09:d9:40,XJTLU,IBSS,4N-right,50,5,2462,-9.668099,-0.3823,1.5972999,359.49255424390424,2.2341785697298544,-80.61871035870897,-97,29.3125,39.375,-4.5,EVA-AL10,1534321570927
44:6a:2e:07:14:b1,none,IBSS,4N-right,50,5,none,none,none,none,none,none,none,-110,none,none,none,EVA-AL10,none
9e:2e:a1:54:19:8f,none,IBSS,4N-right,50,5,none,none,none,none,none,none,none,-110,none,none,none,EVA-AL10,none
44:6a:2e:09:be:61,none,IBSS,4N-right,50,5,none,none,none,none,none,none,none,-110,none,none,none,EVA-AL10,none
00:06:f4:b8:49:f0,none,IBSS,4N-right,50,5,none,none,none,none,none,none,none,-110,none,none,none,EVA-AL10,none
44:6a:2e:09:c5:41,eduroam,IBSS,4N-right,50,5,2412,0.2377,9.635099,1.8105999,355.54480890393916,-79.26804045033896,7.4791587402278665,-90,-2.375,-31.625,-35.375,EVA-AL10,1534319127742
00:06:f4:b8:4a:01,none,IBSS,4N-right,50,5,none,none,none,none,none,none,none,-110,none,none,none,EVA-AL10,none
44:6a:2e:09:f7:c0,XJTLU,IBSS,4N-right,50,5,2462,-2.7133,1.5943999,9.2879,49.15967524923606,-9.356945082699037,-16.284813641805787,-83,-13.5,15.875,-44.5625,EVA-AL10,1534322087761
44:6a:2e:09:bf:01,eduroam,IBSS,4N-right,50,5,2462,-9.6559,-0.1962,1.7013999,358.3639750333906,1.1463879149182257,-80.00688250342674,-89,35.75,43.375,-5.0625,EVA-AL10,1534321338638
44:6a:2e:09:f4:41,eduroam,IBSS,4N-right,50,5,2437,-9.5356,0.0296,2.2891,13.230462328002805,-0.17294123021815588,-76.50111032699928,-87,29.5625,27.9375,-13.875,EVA-AL10,1534321087401
44:6a:2e:09:e9:51,eduroam,IBSS,4N-right,50,5,5825,-9.6675,-0.3017,1.6180999,0.6882902222149382,1.7629786532077782,-80.49818484061493,-85,33.4375,39.3125,-6.0625,EVA-AL10,1534321605471
88:25:93:3a:c1:76,none,IBSS,4N-right,50,5,none,none,none,none,none,none,none,-110,none,none,none,EVA-AL10,none
44:6a:2e:09:f8:20,XJTLU,IBSS,4N-right,50,5,2412,-9.5118,0.0717,2.3852,15.409675163830393,-0.41891788667466967,-75.9226616061909,-90,32.625,25.9375,-15.625,EVA-AL10,1534321012945
44:6a:2e:09:c4:a1,eduroam,IBSS,4N-right,50,5,2462,-9.6373,-0.8143,1.6214,348.2322798855897,4.763087912995398,-80.44987491261543,-83,42.75,34.125,-0.75,EVA-AL10,1534322165286
44:6a:2e:09:f2:d1,none,IBSS,4N-right,50,5,none,none,none,none,none,none,none,-110,none,none,none,EVA-AL10,none
44:6a:2e:09:bf:71,eduroam,IBSS,4N-right,50,5,5765,-9.6036,0.1319,1.9807999,1.2461442151284372,-0.7706558469420922,-78.34582830860383,-86,37.75,37.25,-8.625,EVA-AL10,1534321642678
44:6a:2e:07:0f:c1,none,IBSS,4N-right,50,5,none,none,none,none,none,none,none,-110,none,none,none,EVA-AL10,none
44:6a:2e:09:c4:70,XJTLU,IBSS,4N-right,50,5,5745,-9.631,-0.8422,1.6442,347.57078118711587,4.9266986912607065,-80.31189143100283,-72,42.75,34.4375,-0.4375,EVA-AL10,1534322165251
44:6a:2e:09:c4:71,eduroam,IBSS,4N-right,50,5,5745,-9.623199,-0.81409997,1.7033,348.2476469574486,4.76190543649534,-79.96264336817256,-70,42.875,33.9375,-1.1875,EVA-AL10,1534322165163
44:6a:2e:09:d6:a0,XJTLU,IBSS,4N-right,50,5,2412,-0.0839,0.33179998,9.8006,188.78091350876875,-1.9389410815351145,-0.49048004644514115,-86,4.3125,-27.3125,-28.8125,EVA-AL10,1534317731421
44:6a:2e:09:f5:c0,none,IBSS,4N-right,50,5,none,none,none,none,none,none,none,-110,none,none,none,EVA-AL10,none
44:6a:2e:09:c4:d0,XJTLU,IBSS,4N-right,50,5,5785,-9.6192,-0.82659996,1.7196,347.03635047418726,4.8352100148756785,-79.8644457384753,-68,43.75,34.0,-0.75,EVA-AL10,1534322164612
44:6a:2e:09:c4:40,XJTLU,IBSS,4N-right,50,5,2412,-9.6237,-0.5815,1.793,358.6750039189464,3.3994647643078593,-79.44617861408206,-80,37.3125,32.125,-6.25,EVA-AL10,1534321965528
44:6a:2e:09:c0:e1,eduroam,IBSS,4N-right,50,5,2437,-9.6581,-0.80539995,1.497,348.85106855740986,4.710934722927297,-81.18929753178267,-85,43.625,34.75,-0.5625,EVA-AL10,1534322165560
44:6a:2e:09:f5:c1,none,IBSS,4N-right,50,5,none,none,none,none,none,none,none,-110,none,none,none,EVA-AL10,none
44:6a:2e:09:c0:00,none,IBSS,4N-right,50,5,none,none,none,none,none,none,none,-110,none,none,none,EVA-AL10,none
44:6a:2e:09:bf:10,XJTLU,IBSS,4N-right,50,5,5745,-9.281099,-0.6939,3.0902,356.9636940459842,4.057547300979652,-71.58450110580314,-86,39.0,32.875,-11.3125,EVA-AL10,1534321931801
44:6a:2e:09:f0:e0,XJTLU,IBSS,4N-right,50,5,2412,-9.658,-0.4333,1.6448,359.5033584825933,2.532402344695771,-80.33500479115415,-88,29.5,39.625,-4.6875,EVA-AL10,1534321571735
44:6a:2e:09:d6:81,eduroam,IBSS,4N-right,50,5,2462,0.3339,9.662,1.6441,349.7137223033561,-80.14962662689084,11.48005730600508,-91,-1.6875,-24.0625,-40.625,EVA-AL10,1534319060562
44:6a:2e:09:c1:b1,eduroam,IBSS,4N-right,50,5,5785,-9.6188,-0.82449996,1.7229999,347.73841878878375,4.822884084744744,-79.84440596345048,-85,42.5625,33.375,-1.0625,EVA-AL10,1534322164441
44:6a:2e:09:f8:01,none,IBSS,4N-right,50,5,none,none,none,none,none,none,none,-110,none,none,none,EVA-AL10,none
02:28:f8:0e:47:c3,none,IBSS,4N-right,50,5,none,none,none,none,none,none,none,-110,none,none,none,EVA-AL10,none
44:6a:2e:09:c6:20,none,IBSS,4N-right,50,5,none,none,none,none,none,none,none,-110,none,none,none,EVA-AL10,none
44:6a:2e:09:f8:b0,none,IBSS,4N-right,50,5,none,none,none,none,none,none,none,-110,none,none,none,EVA-AL10,none
44:6a:2e:09:bf:61,eduroam,IBSS,4N-right,50,5,2437,-9.608,-0.6696,1.8456,359.89233026529575,3.9152565313217154,-79.12650527035795,-86,36.75,33.625,-7.0,EVA-AL10,1534321965002
00:06:f4:b8:11:31,none,IBSS,4N-right,50,5,none,none,none,none,none,none,none,-110,none,none,none,EVA-AL10,none
44:6a:2e:09:d7:10,XJTLU,IBSS,4N-right,50,5,5825,-9.5933,-1.0708,1.7296,354.8379931809827,6.268722433915139,-79.77979237390215,-80,34.3125,38.6875,-3.0,EVA-AL10,1534322084326
00:06:f4:b8:12:d0,none,IBSS,4N-right,50,5,none,none,none,none,none,none,none,-110,none,none,none,EVA-AL10,none
44:6a:2e:09:c5:a1,eduroam,IBSS,4N-right,50,5,2462,-2.3553998,1.6482999,9.3757,32.02535682940994,-9.676287162248398,-14.102223277433627,-89,-7.625,22.0625,-42.4375,EVA-AL10,1534322085795
44:6a:2e:07:14:91,none,IBSS,4N-right,50,5,none,none,none,none,none,none,none,-110,none,none,none,EVA-AL10,none
44:6a:2e:09:f4:40,XJTLU,IBSS,4N-right,50,5,2437,-9.6229,-0.1801,1.8806,0.2006838177805213,1.0523070750214718,-78.94207650238927,-90,35.6875,42.875,-7.125,EVA-AL10,1534321355047
44:6a:2e:09:c0:20,XJTLU,IBSS,4N-right,50,5,2412,-9.505799,-0.9435,2.218,354.97006854896324,5.520992170283047,-76.86608831548807,-90,32.0625,35.5625,-4.5625,EVA-AL10,1534322016227
44:6a:2e:09:c4:41,eduroam,IBSS,4N-right,50,5,2412,-3.2407,0.90529996,9.2112,21.842478805289925,-5.296864635310956,-19.38297891158711,-86,1.5625,26.8125,-41.0625,EVA-AL10,1534322087002
44:6a:2e:09:f5:d1,eduroam,IBSS,4N-right,50,5,5825,0.0756,9.7913,0.5417,9.548674469116818,-86.80272948229266,7.9449187312411444,-81,-8.0625,-31.125,-26.5625,EVA-AL10,1534318771596
44:6a:2e:09:f1:20,XJTLU,IBSS,4N-right,50,5,2412,0.067499995,0.20729999,9.8042,260.2281141518763,-1.21125262064025,0.3944639684965993,-87,31.0625,-6.125,-34.875,EVA-AL10,1534316186910
44:6a:2e:09:f1:00,none,IBSS,4N-right,50,5,none,none,none,none,none,none,none,-110,none,none,none,EVA-AL10,none
00:06:f4:b8:1a:71,none,IBSS,4N-right,50,5,none,none,none,none,none,none,none,-110,none,none,none,EVA-AL10,none
00:06:f4:b8:12:10,none,IBSS,4N-right,50,5,none,none,none,none,none,none,none,-110,none,none,none,EVA-AL10,none
44:6a:2e:09:c1:90,XJTLU,IBSS,4N-right,50,5,5805,-9.6182995,-0.8226,1.7267,347.4016725334555,4.811744046208453,-79.8225356977281,-63,42.5,33.9375,-0.75,EVA-AL10,1534322164406
44:6a:2e:07:42:c1,none,IBSS,4N-right,50,5,none,none,none,none,none,none,none,-110,none,none,none,EVA-AL10,none
00:06:f4:b8:12:21,none,IBSS,4N-right,50,5,none,none,none,none,none,none,none,-110,none,none,none,EVA-AL10,none
44:6a:2e:09:f5:41,none,IBSS,4N-right,50,5,none,none,none,none,none,none,none,-110,none,none,none,EVA-AL10,none
a4:c6:4f:d5:b1:c0,XJTLU,IBSS,4N-right,50,5,2462,9.640699,-0.45029998,1.7386,13.187963183439692,2.631847551133629,79.77717641145004,-91,-29.8125,26.3125,0.5625,EVA-AL10,1534320734779
a4:c6:4f:d5:ef:a1,eduroam,IBSS,4N-right,50,5,2437,-9.6747,-0.6433,1.4679999,347.68506561985583,3.761243022613921,-81.371984601513,-77,38.875,36.375,1.5625,EVA-AL10,1534322139475
44:6a:2e:09:d2:c1,eduroam,IBSS,4N-right,50,5,2412,-0.0127,-0.0556,9.806399,299.3051153747583,0.3248499601043153,-0.074202154616707,-89,26.625,15.0625,-23.8125,EVA-AL10,1534315591894
44:6a:2e:09:c7:c1,eduroam,IBSS,4N-right,50,5,2437,-2.1831,1.7703999,9.3952,51.94773797786775,-10.400685072788903,-13.08130380313442,-87,-16.6875,13.6875,-43.625,EVA-AL10,1534322087876
44:6a:2e:09:d7:d1,none,IBSS,4N-right,50,5,none,none,none,none,none,none,none,-110,none,none,none,EVA-AL10,none
44:6a:2e:09:d2:91,eduroam,IBSS,4N-right,50,5,5765,-9.521299,-0.63659996,2.2602,346.1635658501546,3.722008708474075,-76.64609475251113,-85,36.6875,35.8125,-0.25,EVA-AL10,1534322099726
44:6a:2e:09:f6:01,eduroam,IBSS,4N-right,50,5,2462,0.080699995,9.8018,0.2947,335.20925296400117,-88.21446811203177,15.314325723017015,-89,5.375,-27.6875,-34.4375,EVA-AL10,1534318910501
44:6a:2e:09:c6:90,XJTLU,IBSS,4N-right,50,5,5805,-9.6413,-0.4777,1.7279999,9.701641678221131,2.792110256045162,-79.83882569889857,-84,22.625,22.8125,-7.8125,EVA-AL10,1534321189760
00:06:f4:b8:1c:21,none,IBSS,4N-right,50,5,none,none,none,none,none,none,none,-110,none,none,none,EVA-AL10,none
00:06:f4:b8:12:20,none,IBSS,4N-right,50,5,none,none,none,none,none,none,none,-110,none,none,none,EVA-AL10,none
a4:c6:4f:d5:ef:b0,XJTLU,IBSS,4N-right,50,5,5805,-9.616,-0.8469,1.7277,348.2550218542049,4.954240148428314,-79.81438045185911,-77,43.625,34.75,-1.3125,EVA-AL10,1534322164218
44:6a:2e:09:c2:60,XJTLU,IBSS,4N-right,50,5,2437,-9.6614,-0.248,1.6629,11.932366093221663,1.4491128912688864,-80.23405459522137,-87,28.3125,26.125,-10.3125,EVA-AL10,1534321121814
44:6a:2e:09:d7:11,eduroam,IBSS,4N-right,50,5,5825,-9.5703,0.21079999,2.1295,2.5046177754823935,-1.2317064758834995,-77.45541069745512,-75,37.4375,36.4375,-10.0,EVA-AL10,1534321641098
44:6a:2e:00:fd:50,XJTLU,IBSS,4N-right,50,5,5765,9.566999,-0.22399999,2.1429,20.86112234798437,1.3088484466386219,77.37478031430312,-85,-31.3125,27.5,2.75,EVA-AL10,1534319606086
44:6a:2e:09:f8:b1,none,IBSS,4N-right,50,5,none,none,none,none,none,none,none,-110,none,none,none,EVA-AL10,none
44:6a:2e:09:f2:b0,none,IBSS,4N-right,50,5,none,none,none,none,none,none,none,-110,none,none,none,EVA-AL10,none
44:6a:2e:09:d7:60,none,IBSS,4N-right,50,5,none,none,none,none,none,none,none,-110,none,none,none,EVA-AL10,none
a4:c6:4f:d5:fa:d0,XJTLU,IBSS,4N-right,50,5,5825,-9.6247,-0.82589996,1.6888,347.4170848553177,4.831113608920964,-80.0478909592035,-81,43.0625,34.5625,-0.5625,EVA-AL10,1534322163922
44:6a:2e:09:f2:01,none,IBSS,4N-right,50,5,none,none,none,none,none,none,none,-110,none,none,none,EVA-AL10,none
44:6a:2e:09:bf:70,XJTLU,IBSS,4N-right,50,5,5765,-9.5199995,-0.21689999,2.3436,359.7295564986988,1.2673541936571482,-76.17012619000963,-86,38.0625,38.4375,-9.1875,EVA-AL10,1534321737820
4c:e6:76:64:df:00,none,IBSS,4N-right,50,5,none,none,none,none,none,none,none,-110,none,none,none,EVA-AL10,none
ac:4e:91:61:21:80,none,IBSS,4N-right,50,5,none,none,none,none,none,none,none,-110,none,none,none,EVA-AL10,none
b0:d5:9d:d1:7e:bd,none,IBSS,4N-right,50,5,none,none,none,none,none,none,none,-110,none,none,none,EVA-AL10,none
44:6a:2e:09:f1:61,none,IBSS,4N-right,50,5,none,none,none,none,none,none,none,-110,none,none,none,EVA-AL10,none
00:06:f4:b8:1b:11,none,IBSS,4N-right,50,5,none,none,none,none,none,none,none,-110,none,none,none,EVA-AL10,none
44:6a:2e:09:f6:40,XJTLU,IBSS,4N-right,50,5,2412,-9.6216,0.1554,1.8894,2.1488101697279807,-0.9079749325753474,-78.89015340431882,-88,37.6875,36.3125,-8.8125,EVA-AL10,1534321644797
44:6a:2e:09:c3:60,XJTLU,IBSS,4N-right,50,5,2462,0.0663,0.3342,9.8007,257.81894250707273,-1.9529619657972697,0.3875898633446575,-90,29.8125,-7.75,-37.0625,EVA-AL10,1534316202977
a4:c6:4f:d5:a6:71,eduroam,IBSS,4N-right,50,5,5805,9.7722,-0.0972,0.8153,5.454952351858663,0.5679054700508189,85.23082974670594,-83,-30.125,40.875,1.375,EVA-AL10,1534319852940
00:06:f4:b8:46:11,none,IBSS,4N-right,50,5,none,none,none,none,none,none,none,-110,none,none,none,EVA-AL10,none
44:6a:2e:07:38:51,none,IBSS,4N-right,50,5,none,none,none,none,none,none,none,-110,none,none,none,EVA-AL10,none
44:6a:2e:09:f0:f0,XJTLU,IBSS,4N-right,50,5,5785,-9.252299,-0.79359996,3.1518,359.60037110114996,4.641758993900231,-71.18856869999586,-86,32.0625,34.6875,-10.6875,EVA-AL10,1534322014031
44:6a:2e:07:3b:90,none,IBSS,4N-right,50,5,none,none,none,none,none,none,none,-110,none,none,none,EVA-AL10,none
44:6a:2e:09:c0:d0,XJTLU,IBSS,4N-right,50,5,5765,-9.6268,-0.8082,1.6852,347.47925921355863,4.727355351465653,-80.07080624386889,-75,43.0625,34.5625,-0.5625,EVA-AL10,1534322164795
44:6a:2e:09:f4:80,none,IBSS,4N-right,50,5,none,none,none,none,none,none,none,-110,none,none,none,EVA-AL10,none
44:6a:2e:09:f7:51,eduroam,IBSS,4N-right,50,5,5825,-9.4713,-0.1546,2.5376,348.42690697976286,0.9033018025225893,-75.00128274753452,-84,40.0,34.375,-3.5625,EVA-AL10,1534322137456
44:6a:2e:09:bf:30,none,IBSS,4N-right,50,5,none,none,none,none,none,none,none,-110,none,none,none,EVA-AL10,none
00:06:f4:b8:16:b0,none,IBSS,4N-right,50,5,none,none,none,none,none,none,none,-110,none,none,none,EVA-AL10,none
44:6a:2e:07:36:41,none,IBSS,4N-right,50,5,none,none,none,none,none,none,none,-110,none,none,none,EVA-AL10,none
50:64:2b:dd:cc:85,none,IBSS,4N-right,50,5,none,none,none,none,none,none,none,-110,none,none,none,EVA-AL10,none
44:6a:2e:09:d9:41,eduroam,IBSS,4N-right,50,5,2462,9.572599,-0.7565,1.9905,353.3477624441886,4.424310957049589,78.25346366045775,-89,-26.375,42.8125,-10.3125,EVA-AL10,1534319803373
44:6a:2e:07:43:80,XJTLU,IBSS,4N-right,50,5,2412,-9.6005,0.153,1.9941,2.2983691144364573,-0.8939498328058137,-78.26605852928725,-88,37.25,36.3125,-9.25,EVA-AL10,1534321644640
44:6a:2e:09:c7:d1,eduroam,IBSS,4N-right,50,5,5825,-9.6236,-0.8287,1.6937,346.18749968678,4.8475303954779125,-80.01848016463742,-77,43.375,34.3125,0.0,EVA-AL10,1534322164038
44:6a:2e:00:fd:41,none,IBSS,4N-right,50,5,none,none,none,none,none,none,none,-110,none,none,none,EVA-AL10,none
00:06:f4:b8:11:21,none,IBSS,4N-right,50,5,none,none,none,none,none,none,none,-110,none,none,none,EVA-AL10,none
44:6a:2e:09:ef:31,none,IBSS,4N-right,50,5,none,none,none,none,none,none,none,-110,none,none,none,EVA-AL10,none
dc:fe:18:ac:ee:99,none,IBSS,4N-right,50,5,none,none,none,none,none,none,none,-110,none,none,none,EVA-AL10,none
44:6a:2e:09:f5:f1,none,IBSS,4N-right,50,5,none,none,none,none,none,none,none,-110,none,none,none,EVA-AL10,none
44:6a:2e:09:c6:91,eduroam,IBSS,4N-right,50,5,5805,-9.509,-0.0412,2.3969998,15.174969373381245,0.24071603675364203,-75.85181205393036,-82,29.25,27.625,-15.0625,EVA-AL10,1534321085168
44:6a:2e:09:f1:b0,none,IBSS,4N-right,50,5,none,none,none,none,none,none,none,-110,none,none,none,EVA-AL10,none
44:6a:2e:09:bd:c0,XJTLU,IBSS,4N-right,50,5,2412,-9.660999,-0.6939,1.5338,345.6834931977356,4.057562242018462,-80.97889355440043,-84,43.875,33.0,0.75,EVA-AL10,1534322165844
44:6a:2e:07:14:b0,none,IBSS,4N-right,50,5,none,none,none,none,none,none,none,-110,none,none,none,EVA-AL10,none
44:6a:2e:07:43:11,eduroam,IBSS,4N-right,50,5,5745,-9.518499,-0.8217,2.212,346.4294044966143,4.806463456206387,-76.91726692293898,-84,35.125,36.6875,0.1875,EVA-AL10,1534322100055
44:6a:2e:09:c3:61,eduroam,IBSS,4N-right,50,5,2462,-0.1691,-0.0188,9.8050995,258.37655915091256,0.1098407143339782,-0.9880324336107131,-91,29.3125,-5.8125,-39.375,EVA-AL10,1534316212604
44:6a:2e:09:d8:61,eduroam,IBSS,4N-right,50,5,2437,-9.658,-0.80869997,1.4964,346.88821135505253,4.730241533276807,-81.192685305611,-88,43.0625,34.3125,0.5625,EVA-AL10,1534322165594
44:6a:2e:07:40:00,none,IBSS,4N-right,50,5,none,none,none,none,none,none,none,-110,none,none,none,EVA-AL10,none
44:6a:2e:00:fa:a1,eduroam,IBSS,4N-right,50,5,2437,-9.4935,-0.0752,2.4572,8.389657107536417,0.43936435143979374,-75.48860991462575,-90,31.1875,28.5,-12.375,EVA-AL10,1534321064879
44:6a:2e:09:f8:61,eduroam,IBSS,4N-right,50,5,2412,-9.5091,-0.9048,2.2198,355.75528459830764,5.293896064342939,-76.8602075226127,-90,32.625,35.875,-5.125,EVA-AL10,1534322016332
44:6a:2e:09:c5:51,eduroam,IBSS,4N-right,50,5,5765,-9.6032,0.13239999,1.9826,0.863768400802291,-0.7735790611851519,-78.33505710028273,-84,37.75,37.25,-8.375,EVA-AL10,1534321642713
44:6a:2e:09:f2:e1,none,IBSS,4N-right,50,5,none,none,none,none,none,none,none,-110,none,none,none,EVA-AL10,none
44:6a:2e:09:c3:f1,eduroam,IBSS,4N-right,50,5,5765,-9.7634,-0.7208,0.57049996,346.8943277894543,4.215136840604772,-86.65586675475906,-75,41.0,35.0625,5.0625,EVA-AL10,1534322151999
44:6a:2e:09:f1:41,none,IBSS,4N-right,50,5,none,none,none,none,none,none,none,-110,none,none,none,EVA-AL10,none
44:6a:2e:09:c4:a0,XJTLU,IBSS,4N-right,50,5,2462,-2.8027,1.1142,9.3313,18.977253722057302,-6.523871834323781,-16.717890323866907,-87,0.625,27.25,-39.625,EVA-AL10,1534322086189
c4:f0:81:75:03:c9,none,IBSS,4N-right,50,5,none,none,none,none,none,none,none,-110,none,none,none,EVA-AL10,none
a4:c6:4f:d5:b1:c1,eduroam,IBSS,4N-right,50,5,2462,9.3,-1.0433999,2.931,357.89289603256117,6.107700297345264,72.5071640400235,-88,-30.8125,42.0,-11.1875,EVA-AL10,1534319964509
a4:c6:4f:d5:ef:a0,XJTLU,IBSS,4N-right,50,5,2437,-9.6636,-0.71489996,1.5076,345.7328857107185,4.180570533875806,-81.1328733390492,-89,43.4375,32.9375,0.875,EVA-AL10,1534322165735
44:6a:2e:09:f1:80,XJTLU,IBSS,4N-right,50,5,2412,-9.5732,-0.31379998,2.1034,1.4839711885848696,1.833717108172602,-77.60801761408071,-85,41.4375,37.5,-10.0625,EVA-AL10,1534321788852
44:6a:2e:09:f4:b0,none,IBSS,4N-right,50,5,none,none,none,none,none,none,none,-110,none,none,none,EVA-AL10,none
44:6a:2e:07:3b:80,none,IBSS,4N-right,50,5,none,none,none,none,none,none,none,-110,none,none,none,EVA-AL10,none
44:6a:2e:09:d7:00,XJTLU,IBSS,4N-right,50,5,2462,-2.4703999,1.9253999,9.293,24.37496780801079,-11.322817813574924,-14.88689419230491,-86,-2.75,22.8125,-43.375,EVA-AL10,1534322086065
44:6a:2e:09:c4:90,XJTLU,IBSS,4N-right,50,5,5805,-9.6135,-0.8368,1.7465,347.98865899072644,4.8950057597382015,-79.70328059481967,-70,43.0625,35.3125,-1.0,EVA-AL10,1534322164324
44:6a:2e:09:f1:90,XJTLU,IBSS,4N-right,50,5,5785,-0.1375,0.6433,9.7845,167.15886687873885,-3.761232350443343,-0.8051153252435701,-84,-7.0,-34.75,-31.25,EVA-AL10,1534318441097
44:6a:2e:07:3b:b1,none,IBSS,4N-right,50,5,none,none,none,none,none,none,none,-110,none,none,none,EVA-AL10,none
44:6a:2e:09:d9:01,eduroam,IBSS,4N-right,50,5,2412,9.5661,-0.8146,1.9988999,2.0999873372104947,4.764849674914438,78.19749026020949,-88,-32.8125,44.125,-5.3125,EVA-AL10,1534319941276
00:06:f4:b8:11:30,none,IBSS,4N-right,50,5,none,none,none,none,none,none,none,-110,none,none,none,EVA-AL10,none
44:6a:2e:09:d7:01,eduroam,IBSS,4N-right,50,5,2462,-9.5897,-0.76949996,1.9010999,346.69592701576465,4.50050427856202,-78.78684679312238,-83,35.0625,36.8125,1.25,EVA-AL10,1534322100453
44:6a:2e:09:c1:80,XJTLU,IBSS,4N-right,50,5,2462,-9.7561,-0.70199996,0.703,348.2437460656589,4.105016688824418,-85.87853658569824,-75,41.4375,35.3125,3.75,EVA-AL10,1534322152492
44:6a:2e:01:11:50,none,IBSS,4N-right,50,5,none,none,none,none,none,none,none,-110,none,none,none,EVA-AL10,none
44:6a:2e:09:c3:e1,eduroam,IBSS,4N-right,50,5,2437,-9.6633,-0.7812,1.4761,347.30489131423735,4.56908108537624,-81.3150208238351,-82,43.9375,34.9375,0.4375,EVA-AL10,1534322165692
42:49:0f:a3:09:a2,HP-Setup>a2-M277 LaserJet,IBSS,4N-right,50,5,2437,-9.458799,-0.5862,2.5212,356.55575502138964,3.42696716133115,-75.07506928113817,-85,40.5625,31.625,-9.0,EVA-AL10,1534321934316
44:6a:2e:09:c5:d0,XJTLU,IBSS,4N-right,50,5,5785,-9.249599,-0.7237,3.1766,358.2931134215773,4.232112848900015,-71.04593385955847,-83,39.5,33.0,-12.625,EVA-AL10,1534321931187
44:6a:2e:09:c5:a0,XJTLU,IBSS,4N-right,50,5,2462,-2.4392,1.9433,9.2975,31.11455451868332,-11.429513052373338,-14.700269518518066,-90,-6.8125,21.625,-43.4375,EVA-AL10,1534322085832
44:6a:2e:07:36:40,none,IBSS,4N-right,50,5,none,none,none,none,none,none,none,-110,none,none,none,EVA-AL10,none
44:6a:2e:09:c5:b0,XJTLU,IBSS,4N-right,50,5,5825,-9.385099,-0.61219996,2.7775998,355.65142516867525,3.5791405743878606,-73.51343531987396,-84,39.8125,32.1875,-9.4375,EVA-AL10,1534321933610
00:06:f4:b8:49:91,none,IBSS,4N-right,50,5,none,none,none,none,none,none,none,-110,none,none,none,EVA-AL10,none
56:e4:bd:bc:f9:64,VSspeed-BDBCF964,IBSS,4N-right,50,5,2457,0.1039,-0.153,9.8049,168.32870069864362,0.8939459374635528,0.6071259103689131,-91,-7.0,-32.5,-20.75,EVA-AL10,1534317916709
44:6a:2e:09:d7:c0,none,IBSS,4N-right,50,5,none,none,none,none,none,none,none,-110,none,none,none,EVA-AL10,none
44:6a:2e:09:f4:01,eduroam,IBSS,4N-right,50,5,2437,-0.093499996,0.269,9.8025,175.39492754599365,-1.5718435999694935,-0.5464925068377117,-87,-2.6875,-37.1875,-26.125,EVA-AL10,1534318176149
44:6a:2e:09:bd:d1,eduroam,IBSS,4N-right,50,5,5785,-9.6166,-0.8318,1.7313,346.00820039087796,4.86572644631365,-79.7942245636184,-82,43.8125,34.9375,0.0,EVA-AL10,1534322164509
00:06:f4:b8:20:d0,none,IBSS,4N-right,50,5,none,none,none,none,none,none,none,-110,none,none,none,EVA-AL10,none
44:6a:2e:09:bf:31,none,IBSS,4N-right,50,5,none,none,none,none,none,none,none,-110,none,none,none,EVA-AL10,none
44:6a:2e:09:f1:a1,none,IBSS,4N-right,50,5,none,none,none,none,none,none,none,-110,none,none,none,EVA-AL10,none
44:6a:2e:09:d6:b1,eduroam,IBSS,4N-right,50,5,5765,-9.311399,-0.6325,3.0110998,359.5166889307799,3.6980035817492425,-72.07994253762837,-87,32.1875,34.25,-10.125,EVA-AL10,1534322014376
28:f3:66:a7:c4:5e,none,IBSS,4N-right,50,5,none,none,none,none,none,none,none,-110,none,none,none,EVA-AL10,none
00:06:f4:b8:2c:10,none,IBSS,4N-right,50,5,none,none,none,none,none,none,none,-110,none,none,none,EVA-AL10,none
78:11:dc:39:d3:58,none,IBSS,4N-right,50,5,none,none,none,none,none,none,none,-110,none,none,none,EVA-AL10,none
44:6a:2e:09:f6:00,none,IBSS,4N-right,50,5,none,none,none,none,none,none,none,-110,none,none,none,EVA-AL10,none
44:6a:2e:09:c2:80,none,IBSS,4N-right,50,5,none,none,none,none,none,none,none,-110,none,none,none,EVA-AL10,none
00:06:f4:b8:2a:51,none,IBSS,4N-right,50,5,none,none,none,none,none,none,none,-110,none,none,none,EVA-AL10,none
a4:c6:4f:d5:a6:70,XJTLU,IBSS,4N-right,50,5,5805,-9.5477,-0.5683,2.1649,349.4942025847528,3.322214257577957,-77.22444785067114,-83,23.6875,35.875,1.1875,EVA-AL10,1534321252687
a6:ca:a0:22:e4:e9,none,IBSS,4N-right,50,5,none,none,none,none,none,none,none,-110,none,none,none,EVA-AL10,none
44:6a:2e:09:f7:e0,none,IBSS,4N-right,50,5,none,none,none,none,none,none,none,-110,none,none,none,EVA-AL10,none
44:6a:2e:07:3b:91,none,IBSS,4N-right,50,5,none,none,none,none,none,none,none,-110,none,none,none,EVA-AL10,none
d4:ee:07:4f:73:02,none,IBSS,4N-right,50,5,none,none,none,none,none,none,none,-110,none,none,none,EVA-AL10,none
44:6a:2e:09:c0:d1,eduroam,IBSS,4N-right,50,5,5765,-9.627299,-0.81149995,1.6811,348.118933750087,4.746673260872565,-80.0949919437199,-75,43.5,34.5625,-1.0,EVA-AL10,1534322164761
44:6a:2e:09:c2:81,none,IBSS,4N-right,50,5,none,none,none,none,none,none,none,-110,none,none,none,EVA-AL10,none
44:6a:2e:07:40:80,XJTLU,IBSS,4N-right,50,5,2412,-9.6004,-0.76229995,1.8496,345.7222306156133,4.458281756660294,-79.09508640017589,-81,35.4375,36.125,1.8125,EVA-AL10,1534322101203
a4:c6:4f:d5:fa:c0,XJTLU,IBSS,4N-right,50,5,2462,-9.3069,-0.72429997,3.0044,356.6703293102825,4.2356321038698646,-72.10918257746519,-90,40.125,33.0625,-11.125,EVA-AL10,1534321932128
44:6a:2e:07:36:51,none,IBSS,4N-right,50,5,none,none,none,none,none,none,none,-110,none,none,none,EVA-AL10,none
44:6a:2e:07:38:40,none,IBSS,4N-right,50,5,none,none,none,none,none,none,none,-110,none,none,none,EVA-AL10,none
44:6a:2e:09:c5:40,XJTLU,IBSS,4N-right,50,5,2412,9.4627,-0.4131,2.5407999,20.585857186696394,2.414286602718271,74.97019172643262,-91,-28.5,22.9375,0.8125,EVA-AL10,1534319634908
00:06:f4:b8:18:00,none,IBSS,4N-right,50,5,none,none,none,none,none,none,none,-110,none,none,none,EVA-AL10,none
44:6a:2e:09:f2:70,none,IBSS,4N-right,50,5,none,none,none,none,none,none,none,-110,none,none,none,EVA-AL10,none
44:6a:2e:09:c4:c0,XJTLU,IBSS,4N-right,50,5,2412,-9.7441,-0.7704,0.7926,348.64923988253054,4.505765658657046,-85.34970918921,-82,40.875,35.625,3.1875,EVA-AL10,1534322153162
44:6a:2e:09:c5:b1,eduroam,IBSS,4N-right,50,5,5825,-9.4845,-0.3384,2.4696999,346.82897397815464,1.977516709306877,-75.40468055010464,-85,37.625,34.3125,-1.8125,EVA-AL10,1534322098484
44:6a:2e:09:f8:71,eduroam,IBSS,4N-right,50,5,5825,-9.6278,-0.8214,1.6731,347.64927201351037,4.804741821648721,-80.14170360745362,-83,43.625,34.75,-0.6875,EVA-AL10,1534322163861
44:6a:2e:07:40:81,eduroam,IBSS,4N-right,50,5,2412,-9.7439995,-0.7694,0.7942,348.3484255448785,4.4999275544639765,-85.34031767910123,-87,41.3125,35.0,3.1875,EVA-AL10,1534322153198
44:6a:2e:09:f5:01,eduroam,IBSS,4N-right,50,5,2437,-9.6609,-0.8042,1.4798,347.3318039671145,4.703876149306912,-81.29145667119855,-89,42.9375,34.4375,0.4375,EVA-AL10,1534322165632
44:6a:2e:09:f8:11,eduroam,IBSS,4N-right,50,5,5745,-9.7646,-0.7136,0.55939996,346.48320504293287,4.17294505455431,-86.72119068398105,-80,40.6875,34.25,5.1875,EVA-AL10,1534322152032
44:6a:2e:09:c4:61,eduroam,IBSS,4N-right,50,5,2437,-9.6622,-0.8013,1.4726,347.3737720644697,4.686895445256614,-81.33432976861872,-80,43.25,34.625,0.4375,EVA-AL10,1534322165662
44:6a:2e:09:c6:80,XJTLU,IBSS,4N-right,50,5,2462,9.5595,-0.3297,2.1622999,21.284194510458715,1.926670860134598,77.25452800377587,-87,-30.5625,27.375,3.625,EVA-AL10,1534319606942
d4:50:3f:9c:1f:97,SURF,IBSS,4N-right,50,5,2412,-9.6539,-0.68,1.5841999,347.91540350433075,3.9761305922994543,-80.68085141977775,-64,44.625,33.4375,-0.75,EVA-AL10,1534322165959
56:e4:bd:bc:fa:07,VSspeed-BDBCFA07,IBSS,4N-right,50,5,2442,-9.5919,0.1374,2.0362,1.8844827026221334,-0.8027953020815872,-78.01498077539759,-88,44.375,35.1875,-10.625,EVA-AL10,1534321787961
44:6a:2e:09:f6:a0,XJTLU,IBSS,4N-right,50,5,2412,-9.229,0.2242,3.3082,359.5121550725532,-1.3100224921239236,-70.27942954033213,-87,38.125,38.1875,-13.3125,EVA-AL10,1534321738800
44:6a:2e:09:f8:10,XJTLU,IBSS,4N-right,50,5,5745,-9.5456,-0.8652,2.074,345.41711582010504,5.061598342463044,-77.74170490670537,-83,35.875,37.1875,1.25,EVA-AL10,1534322100265
ac:4e:91:61:21:81,none,IBSS,4N-right,50,5,none,none,none,none,none,none,none,-110,none,none,none,EVA-AL10,none
00:06:f4:b8:1c:20,none,IBSS,4N-right,50,5,none,none,none,none,none,none,none,-110,none,none,none,EVA-AL10,none
44:6a:2e:07:14:81,none,IBSS,4N-right,50,5,none,none,none,none,none,none,none,-110,none,none,none,EVA-AL10,none
28:f3:66:a7:c3:c0,Mixers-9746,IBSS,4N-right,50,5,2452,-9.6543,-0.77989995,1.5349,348.4181284791321,4.5614334079399415,-80.96637381765179,-82,44.0625,34.625,-0.5625,EVA-AL10,1534322165386
44:6a:2e:09:c2:51,eduroam,IBSS,4N-right,50,5,5765,-9.6385,-0.7956,1.6236999,347.19068457489925,4.6534492895515305,-80.43774449664949,-78,43.625,34.125,-0.3125,EVA-AL10,1534322164970
a4:c6:4f:d5:fa:a0,XJTLU,IBSS,4N-right,50,5,2462,9.5587,-0.30629998,2.1692998,23.991398044601212,1.7898804204709313,77.21358784989081,-85,-32.375,25.5625,3.875,EVA-AL10,1534319346503
44:6a:2e:09:f7:00,none,IBSS,4N-right,50,5,none,none,none,none,none,none,none,-110,none,none,none,EVA-AL10,none
44:6a:2e:07:41:b0,XJTLU,IBSS,4N-right,50,5,5825,-0.0345,0.221,9.804,176.66989163760326,-1.2913245291058963,-0.20162140798645098,-84,-2.0,-37.3125,-35.3125,EVA-AL10,1534318230092
44:6a:2e:09:f3:e1,eduroam,IBSS,4N-right,50,5,2437,9.6131,-0.475,1.8792,358.1613284433582,2.7763188586840926,78.93911903047865,-89,-33.375,33.4375,-7.5625,EVA-AL10,1534320217075
44:6a:2e:09:c1:a0,XJTLU,IBSS,4N-right,50,5,2462,-9.565499,0.1677,2.1547,1.7634501497039208,-0.9798461317253355,-77.30557683763254,-85,38.1875,37.6875,-9.8125,EVA-AL10,1534321643672
44:6a:2e:09:c2:40,XJTLU,IBSS,4N-right,50,5,2462,-9.4609995,-0.8348,2.4417999,355.9899916694173,4.8832804593674055,-75.52827965332519,-87,32.875,35.5625,-6.125,EVA-AL10,1534322015187
44:6a:2e:09:c4:80,XJTLU,IBSS,4N-right,50,5,2462,-9.462,-0.86439997,2.4275,355.07307847381765,5.056883377501619,-75.61095909322819,-89,32.4375,35.4375,-5.4375,EVA-AL10,1534322015220
44:6a:2e:09:d6:f1,eduroam,IBSS,4N-right,50,5,5745,-9.5169,-0.3193,2.3441,1.0627591854422955,1.8658755597757262,-76.16295449138111,-87,39.3125,37.5625,-10.375,EVA-AL10,1534321737965
0c:d8:6c:b9:51:90,IBSSPMO,IBSS,4N-right,50,5,2472,-9.7603,-0.6896,0.6559,347.0926004970969,4.032370796812162,-86.15545977540724,-82,41.3125,35.1875,4.625,EVA-AL10,1534322152317
80:89:17:1f:09:02,none,IBSS,4N-right,50,5,none,none,none,none,none,none,none,-110,none,none,none,EVA-AL10,none
44:6a:2e:09:e9:50,XJTLU,IBSS,4N-right,50,5,5825,-9.672,-0.2923,1.5927,1.4075015645761704,1.7080342636466685,-80.64895443635379,-85,32.875,39.625,-6.375,EVA-AL10,1534321605396
44:6a:2e:09:bd:c1,eduroam,IBSS,4N-right,50,5,2412,-9.7418995,-0.746,0.8412,347.8866356013203,4.362789308761169,-85.06482882911794,-78,40.75,35.75,3.5,EVA-AL10,1534322153349
44:6a:2e:09:d2:90,XJTLU,IBSS,4N-right,50,5,5765,-9.6276,-0.81409997,1.678,346.6714766460833,4.761926353949673,-80.11320122804716,-80,42.9375,34.75,0.0,EVA-AL10,1534322164727
44:6a:2e:09:f8:70,XJTLU,IBSS,4N-right,50,5,5825,-9.480599,-0.3385,2.4847,346.29934232689163,1.978096848499505,-75.31407126057525,-82,37.3125,34.625,-1.375,EVA-AL10,1534322098558
44:6a:2e:09:c1:81,eduroam,IBSS,4N-right,50,5,2462,-9.7582,-0.701,0.6749,346.318104002768,4.099141018590914,-86.0435881069916,-77,40.5625,34.6875,4.9375,EVA-AL10,1534322152351
44:6a:2e:09:d6:21,none,IBSS,4N-right,50,5,none,none,none,none,none,none,none,-110,none,none,none,EVA-AL10,none
00:06:f4:b8:12:d1,none,IBSS,4N-right,50,5,none,none,none,none,none,none,none,-110,none,none,none,EVA-AL10,none
44:6a:2e:09:c7:d0,XJTLU,IBSS,4N-right,50,5,5825,-9.6227,-0.8323,1.6970999,347.33301034927666,4.8686352531264285,-79.99792812542485,-75,42.9375,34.4375,-0.5625,EVA-AL10,1534322164076
44:6a:2e:07:41:81,eduroam,IBSS,4N-right,50,5,2462,-9.644199,-0.37399998,1.7375,8.406736849329679,2.1856528504412642,-79.7871416574491,-92,23.0625,22.375,-7.375,EVA-AL10,1534321191342
00:06:f4:b8:4a:00,none,IBSS,4N-right,50,5,none,none,none,none,none,none,none,-110,none,none,none,EVA-AL10,none
44:6a:2e:07:43:90,none,IBSS,4N-right,50,5,none,none,none,none,none,none,none,-110,none,none,none,EVA-AL10,none
44:6a:2e:00:fd:51,eduroam,IBSS,4N-right,50,5,5765,9.5854,-0.19909999,2.0614,22.67887986538759,1.1633393772211396,77.86304321731065,-84,-32.5625,25.0625,3.4375,EVA-AL10,1534319345702
44:6a:2e:09:d8:c0,none,IBSS,4N-right,50,5,none,none,none,none,none,none,none,-110,none,none,none,EVA-AL10,none
ac:4e:91:61:1f:c0,none,IBSS,4N-right,50,5,none,none,none,none,none,none,none,-110,none,none,none,EVA-AL10,none
44:6a:2e:09:d7:d0,none,IBSS,4N-right,50,5,none,none,none,none,none,none,none,-110,none,none,none,EVA-AL10,none
44:6a:2e:09:f6:50,XJTLU,IBSS,4N-right,50,5,5745,-9.6209,-0.79649997,1.7245,347.2147029351156,4.658725610685365,-79.83792411392814,-84,43.375,34.875,-0.5625,EVA-AL10,1534322165129
44:6a:2e:09:f8:60,XJTLU,IBSS,4N-right,50,5,2412,-9.618899,0.1406,1.9043,1.5888951672324303,-0.8214940655124078,-78.80168196399966,-90,37.6875,36.1875,-8.5,EVA-AL10,1534321644757
44:6a:2e:09:c3:e0,XJTLU,IBSS,4N-right,50,5,2437,-9.748,-0.7434,0.7701,349.10228035376196,4.347543899646877,-85.48296617991696,-79,40.6875,34.6875,2.875,EVA-AL10,1534322152887
7a:11:dc:38:d3:58,none,IBSS,4N-right,50,5,none,none,none,none,none,none,none,-110,none,none,none,EVA-AL10,none
44:6a:2e:09:c6:41,eduroam,IBSS,4N-right,50,5,2437,-9.5001,-0.0275,2.4325,7.818214453269177,0.16067071533294863,-75.63797932158477,-89,31.3125,27.75,-11.9375,EVA-AL10,1534321065364
44:6a:2e:09:f2:61,none,IBSS,4N-right,50,5,none,none,none,none,none,none,none,-110,none,none,none,EVA-AL10,none
56:e4:bd:bc:da:71,none,IBSS,4N-right,50,5,none,none,none,none,none,none,none,-110,none,none,none,EVA-AL10,none
44:6a:2e:09:d6:a1,eduroam,IBSS,4N-right,50,5,2412,-9.6065,0.1432,1.9655999,2.5254899798123063,-0.8366882482079243,-78.43623952264728,-91,37.0,36.75,-9.25,EVA-AL10,1534321644674
44:6a:2e:09:c3:80,none,IBSS,4N-right,50,5,none,none,none,none,none,none,none,-110,none,none,none,EVA-AL10,none
44:6a:2e:09:f5:40,none,IBSS,4N-right,50,5,none,none,none,none,none,none,none,-110,none,none,none,EVA-AL10,none
44:6a:2e:09:d5:d1,eduroam,IBSS,4N-right,50,5,5785,0.3098,9.624499,1.8554,342.51031708294187,-78.94107246458127,9.479348049041189,-85,2.875,-33.375,-35.625,EVA-AL10,1534319125666
44:6a:2e:09:f8:00,none,IBSS,4N-right,50,5,none,none,none,none,none,none,none,-110,none,none,none,EVA-AL10,none
44:6a:2e:09:d9:00,XJTLU,IBSS,4N-right,50,5,2412,9.1996,-0.76019996,3.3104,358.79868541132385,4.445986989267448,70.20915372396188,-84,-31.4375,42.0,-12.1875,EVA-AL10,1534319953257
44:6a:2e:09:f2:f1,none,IBSS,4N-right,50,5,none,none,none,none,none,none,none,-110,none,none,none,EVA-AL10,none
44:6a:2e:07:3f:a1,eduroam,IBSS,4N-right,50,5,2437,-9.750199,-0.7575,0.7276,348.96240576352295,4.430158025865943,-85.73226125443325,-83,40.875,35.125,3.1875,EVA-AL10,1534322152679
44:6a:2e:09:c4:c1,eduroam,IBSS,4N-right,50,5,2412,-9.6024,-0.7899,1.8273,344.959252381546,4.620062044228039,-79.22565229634985,-89,35.875,36.5625,2.375,EVA-AL10,1534322101161
44:6a:2e:09:f6:30,XJTLU,IBSS,4N-right,50,5,5785,-9.76,-0.7985,0.5244,346.5235492628128,4.670445788414284,-86.92448443443732,-88,40.8125,36.25,5.6875,EVA-AL10,1534322151527
44:6a:2e:09:c1:a1,eduroam,IBSS,4N-right,50,5,2462,-2.7296999,1.6524999,9.2729,46.80809234441944,-9.701174664036632,-16.403054461622464,-89,-12.4375,16.5625,-43.8125,EVA-AL10,1534322087728
44:6a:2e:09:f6:21,eduroam,IBSS,4N-right,50,5,2437,9.6135,-0.4886,1.8736,359.1440591560691,2.855877542466636,78.97171952338712,-86,-34.125,32.9375,-7.125,EVA-AL10,1534320216905
a4:c6:4f:d5:fa:e0,XJTLU,IBSS,4N-right,50,5,2437,-9.6502,-0.8648,1.5148,347.553114049054,5.059243634746681,-81.07903095782198,-81,38.3125,36.8125,1.4375,EVA-AL10,1534322139195
44:6a:2e:09:f2:e0,none,IBSS,4N-right,50,5,none,none,none,none,none,none,none,-110,none,none,none,EVA-AL10,none
44:6a:2e:09:f1:01,eduroam,IBSS,4N-right,50,5,2412,-0.055,0.912,9.7639,165.27215006392788,-5.336162128700624,-0.3227434337147482,-87,-8.6875,-36.9375,-32.625,EVA-AL10,1534318472082
ba:69:6c:39:0c:7c,none,IBSS,4N-right,50,5,none,none,none,none,none,none,none,-110,none,none,none,EVA-AL10,none
44:6a:2e:09:c1:c0,none,IBSS,4N-right,50,5,none,none,none,none,none,none,none,-110,none,none,none,EVA-AL10,none
44:6a:2e:09:bf:00,XJTLU,IBSS,4N-right,50,5,2462,-9.5243,0.1064,2.3334,13.502970654187035,-0.6216654087603133,-76.23400211912758,-88,32.25,26.0625,-14.4375,EVA-AL10,1534321011653
44:6a:2e:09:c4:50,XJTLU,IBSS,4N-right,50,5,5785,-9.6229,-0.81259996,1.7055999,348.2284122909722,4.753120105675411,-79.94905812191341,-70,42.75,33.8125,-1.1875,EVA-AL10,1534322164644
a4:c6:4f:d5:fa:b0,XJTLU,IBSS,4N-right,50,5,5805,-9.6419,-0.4795,1.7241,6.636662163182787,2.802641980858499,-79.86189807791489,-86,22.75,22.8125,-6.625,EVA-AL10,1534321189722
44:6a:2e:09:f7:c1,eduroam,IBSS,4N-right,50,5,2462,-9.6076,-0.6925,1.8392999,347.5934522925184,4.049369856995854,-79.16230229179799,-83,39.0,36.6875,0.125,EVA-AL10,1534322138994
a4:c6:4f:d5:fb:10,XJTLU,IBSS,4N-right,50,5,5765,-0.1389,-0.0676,9.8054,188.2249361103297,0.3949603845110417,-0.8115783917456947,-84,4.25,-26.1875,-30.625,EVA-AL10,1534317782597
44:6a:2e:07:43:81,eduroam,IBSS,4N-right,50,5,2412,-9.6469,-0.021499999,1.7623999,347.15334990712233,0.12561555649043835,-79.64676077943781,-89,41.6875,29.4375,-0.8125,EVA-AL10,1534321950119
44:6a:2e:09:c3:f0,XJTLU,IBSS,4N-right,50,5,5765,-9.5071,-0.3358,2.3813,347.85422635370855,1.9623308509044115,-75.93809100352595,-77,39.9375,35.1875,-2.5,EVA-AL10,1534322138485
44:6a:2e:09:f2:60,none,IBSS,4N-right,50,5,none,none,none,none,none,none,none,-110,none,none,none,EVA-AL10,none
44:6a:2e:07:43:10,XJTLU,IBSS,4N-right,50,5,5745,-9.633699,-0.0596,1.8320999,346.4660885888728,0.34822148006192377,-79.2322912402231,-82,41.875,29.4375,-0.8125,EVA-AL10,1534321948613
28:f3:66:a7:96:f6,Mixers-9728,IBSS,4N-right,50,5,2427,8.4408,-1.3416,4.8085,358.2677748071387,7.863085381021575,60.33097897645259,-87,-33.75,36.9375,-20.3125,EVA-AL10,1534320154055
a4:c6:4f:d5:fb:60,none,IBSS,4N-right,50,5,none,none,none,none,none,none,none,-110,none,none,none,EVA-AL10,none
00:06:f4:b8:1a:f1,none,IBSS,4N-right,50,5,none,none,none,none,none,none,none,-110,none,none,none,EVA-AL10,none
a4:c6:4f:d5:fa:d1,eduroam,IBSS,4N-right,50,5,5825,-9.4744,-0.3164,2.511,345.988040233769,1.8489102236510606,-75.1561709473429,-75,38.375,34.8125,-1.5,EVA-AL10,1534322098702
44:6a:2e:09:c2:50,XJTLU,IBSS,4N-right,50,5,5765,-9.6325,-0.8052,1.6539999,346.69287135988475,4.709748831332653,-80.25673765345498,-74,43.25,34.5625,0.0,EVA-AL10,1534322164902
44:6a:2e:09:c5:80,XJTLU,IBSS,4N-right,50,5,2437,-9.6383,-0.048,1.8086,348.80351763418184,0.2804435385763303,-79.37220083518164,-88,41.4375,29.5,-1.875,EVA-AL10,1534321949686
44:6a:2e:09:f8:31,eduroam,IBSS,4N-right,50,5,5765,-9.431399,0.8185,2.5588999,25.740911726912252,-4.787720563350226,-74.82011197979993,-83,27.4375,22.8125,-20.125,EVA-AL10,1534320846406
44:6a:2e:07:38:41,none,IBSS,4N-right,50,5,none,none,none,none,none,none,none,-110,none,none,none,EVA-AL10,none
44:6a:2e:09:f8:91,none,IBSS,4N-right,50,5,none,none,none,none,none,none,none,-110,none,none,none,EVA-AL10,none
44:6a:2e:09:c4:21,none,IBSS,4N-right,50,5,none,none,none,none,none,none,none,-110,none,none,none,EVA-AL10,none
44:6a:2e:09:d8:70,XJTLU,IBSS,4N-right,50,5,5805,9.411099,-1.0486,2.5496,3.7153275028053336,6.13827606605165,74.8416202454963,-85,-38.3125,32.3125,-8.5,EVA-AL10,1534320164500
44:6a:2e:09:c2:70,XJTLU,IBSS,4N-right,50,5,5765,-9.7639,-0.7396,0.5363,346.5992320276848,4.3252975466333226,-86.85608692008881,-85,41.1875,35.1875,5.375,EVA-AL10,1534322151847
a4:c6:4f:d5:a6:60,XJTLU,IBSS,4N-right,50,5,2462,-9.6357,-0.2173,1.8096,359.57395699872137,1.2697004703587533,-79.36364943834079,-90,36.3125,43.0625,-6.5,EVA-AL10,1534321354539
44:6a:2e:07:43:01,eduroam,IBSS,4N-right,50,5,2462,-2.2891,1.3536999,9.439099,33.86711733910388,-7.934440367280699,-13.631772654007841,-88,-9.0625,22.75,-42.0,EVA-AL10,1534322085760
a4:c6:4f:d5:df:21,none,IBSS,4N-right,50,5,none,none,none,none,none,none,none,-110,none,none,none,EVA-AL10,none
44:6a:2e:07:41:a1,eduroam,IBSS,4N-right,50,5,2462,9.7768,-0.2456,0.7227,359.2890429946116,1.4350932876672005,85.77238861580707,-86,-40.75,30.1875,-3.375,EVA-AL10,1534320179057
44:6a:2e:09:f6:a1,eduroam,IBSS,4N-right,50,5,2412,-9.6844,-0.566,1.4358,347.4209951386175,3.308734025477291,-81.56681574758761,-88,38.5625,35.625,1.8125,EVA-AL10,1534322139923
44:6a:2e:09:f1:21,eduroam,IBSS,4N-right,50,5,2412,9.535999,-0.4328,2.2463,18.381761971722447,2.5294995142985153,76.74504370301712,-88,-32.8125,26.8125,0.9375,EVA-AL10,1534319555977
44:6a:2e:09:c3:20,XJTLU,IBSS,4N-right,50,5,2462,9.563399,-0.3382,2.1437,20.6483329270345,1.9763600594596178,77.36561420043697,-89,-30.625,27.375,3.3125,EVA-AL10,1534319606765
00:06:f4:b8:12:11,none,IBSS,4N-right,50,5,none,none,none,none,none,none,none,-110,none,none,none,EVA-AL10,none
44:6a:2e:09:f7:a1,eduroam,IBSS,4N-right,50,5,2462,9.600599,-0.74649996,1.8549999,352.8607195837216,4.365695127366186,79.06423443569494,-90,-25.625,42.25,-10.0625,EVA-AL10,1534319803483
44:6a:2e:07:38:50,none,IBSS,4N-right,50,5,none,none,none,none,none,none,none,-110,none,none,none,EVA-AL10,none
44:6a:2e:07:40:41,eduroam,IBSS,4N-right,50,5,2437,-0.7087,1.879,9.5988,70.72080319468752,-11.046476897492669,-4.222609067556766,-85,-30.0625,4.0,-42.25,EVA-AL10,1534321608884
44:6a:2e:00:fa:b0,none,IBSS,4N-right,50,5,none,none,none,none,none,none,none,-110,none,none,none,EVA-AL10,none
00:06:f4:b8:2c:11,none,IBSS,4N-right,50,5,none,none,none,none,none,none,none,-110,none,none,none,EVA-AL10,none
44:6a:2e:09:f5:e0,none,IBSS,4N-right,50,5,none,none,none,none,none,none,none,-110,none,none,none,EVA-AL10,none
44:6a:2e:09:e9:41,eduroam,IBSS,4N-right,50,5,2462,-2.8285,1.7145,9.231999,42.36083323241908,-10.068818987622677,-17.034017091864484,-89,-10.125,18.3125,-44.75,EVA-AL10,1534322087645
44:6a:2e:07:41:80,XJTLU,IBSS,4N-right,50,5,2462,9.6809,-0.2399,1.5467,27.66427079907304,1.401771356027647,80.92267426734205,-90,-30.9375,26.75,8.875,EVA-AL10,1534319449572
44:6a:2e:09:c2:b1,eduroam,IBSS,4N-right,50,5,5825,-9.626599,-0.81579995,1.6826999,347.2445704985824,4.771910382968939,-80.08504718828837,-59,43.5,34.875,-0.4375,EVA-AL10,1534322163980
a4:c6:4f:d5:fa:81,eduroam,IBSS,4N-right,50,5,2437,-9.592899,-0.84819996,1.8508999,355.1169923213126,4.961880995675442,-79.07927451224731,-87,35.3125,34.8125,-4.0625,EVA-AL10,1534321993700
44:6a:2e:01:10:20,none,IBSS,4N-right,50,5,none,none,none,none,none,none,none,-110,none,none,none,EVA-AL10,none
44:6a:2e:07:0f:d0,none,IBSS,4N-right,50,5,none,none,none,none,none,none,none,-110,none,none,none,EVA-AL10,none
44:6a:2e:09:c1:91,eduroam,IBSS,4N-right,50,5,5805,-9.6153,-0.82479995,1.7419,347.68808627101623,4.824676155628226,-79.73170784214527,-63,42.3125,34.25,-0.875,EVA-AL10,1534322164358
44:6a:2e:09:f4:21,none,IBSS,4N-right,50,5,none,none,none,none,none,none,none,-110,none,none,none,EVA-AL10,none
44:6a:2e:09:f2:f0,none,IBSS,4N-right,50,5,none,none,none,none,none,none,none,-110,none,none,none,EVA-AL10,none
44:6a:2e:09:c3:91,none,IBSS,4N-right,50,5,none,none,none,none,none,none,none,-110,none,none,none,EVA-AL10,none
44:6a:2e:07:33:e0,none,IBSS,4N-right,50,5,none,none,none,none,none,none,none,-110,none,none,none,EVA-AL10,none
44:6a:2e:09:ef:20,none,IBSS,4N-right,50,5,none,none,none,none,none,none,none,-110,none,none,none,EVA-AL10,none
44:6a:2e:09:f2:b1,none,IBSS,4N-right,50,5,none,none,none,none,none,none,none,-110,none,none,none,EVA-AL10,none
44:6a:2e:09:ef:30,none,IBSS,4N-right,50,5,none,none,none,none,none,none,none,-110,none,none,none,EVA-AL10,none
44:6a:2e:07:3b:81,none,IBSS,4N-right,50,5,none,none,none,none,none,none,none,-110,none,none,none,EVA-AL10,none
00:06:f4:b8:11:40,none,IBSS,4N-right,50,5,none,none,none,none,none,none,none,-110,none,none,none,EVA-AL10,none
44:6a:2e:07:33:f0,none,IBSS,4N-right,50,5,none,none,none,none,none,none,none,-110,none,none,none,EVA-AL10,none
44:6a:2e:09:c3:90,none,IBSS,4N-right,50,5,none,none,none,none,none,none,none,-110,none,none,none,EVA-AL10,none
a4:c6:4f:d5:fa:80,XJTLU,IBSS,4N-right,50,5,2437,-1.8054999,1.8927,9.4513,52.43607259786157,-11.128079728827752,-10.815020569541154,-81,-18.4375,12.875,-43.375,EVA-AL10,1534322087994
44:6a:2e:09:f7:d0,XJTLU,IBSS,4N-right,50,5,5805,-9.617499,-0.8438,1.7206,348.623112701408,4.936083371180304,-79.85691887000993,-76,43.5,34.875,-1.4375,EVA-AL10,1534322164178
44:6a:2e:09:d8:c1,none,IBSS,4N-right,50,5,none,none,none,none,none,none,none,-110,none,none,none,EVA-AL10,none
00:06:f4:b8:17:f1,none,IBSS,4N-right,50,5,none,none,none,none,none,none,none,-110,none,none,none,EVA-AL10,none
a4:c6:4f:d5:fa:f1,eduroam,IBSS,4N-right,50,5,5805,-9.473599,-0.3148,2.514,346.31767796971855,1.8395680189703643,-75.138016304529,-79,37.5,34.5,-1.5625,EVA-AL10,1534322098885
28:f3:66:a4:0a:ca,Mixers-9854,IBSS,4N-right,50,5,2452,-9.655399,-0.8208,1.5058999,344.95335963583955,4.801231531302157,-81.13530488639371,-72,43.625,34.0,1.4375,EVA-AL10,1534322165472
44:6a:2e:09:c5:81,eduroam,IBSS,4N-right,50,5,2437,9.5615,-1.2653999,1.7737,12.57805546508788,7.4138595704416055,79.49084122106477,-88,-24.3125,41.9375,4.25,EVA-AL10,1534319781732
44:6a:2e:09:f0:f1,eduroam,IBSS,4N-right,50,5,5785,-9.616099,-0.8304,1.7350999,346.95169710961414,4.857487103740498,-79.77177373181657,-82,42.9375,34.75,-0.4375,EVA-AL10,1534322164473
44:6a:2e:09:f1:c1,eduroam,IBSS,4N-right,50,5,2437,0.0405,9.6289,1.8578,337.9357364146233,-79.07700688944287,1.2488489700397623,-87,10.6875,-31.0625,-35.0,EVA-AL10,1534319202705
a4:c6:4f:d5:fb:00,XJTLU,IBSS,4N-right,50,5,2462,-9.5414,-0.951,2.0557,355.5865866097712,5.565055428166092,-77.84144615915507,-91,34.625,35.5,-4.9375,EVA-AL10,1534321993427
78:11:dc:39:d3:59,none,IBSS,4N-right,50,5,none,none,none,none,none,none,none,-110,none,none,none,EVA-AL10,none
44:6a:2e:07:14:a1,none,IBSS,4N-right,50,5,none,none,none,none,none,none,none,-110,none,none,none,EVA-AL10,none
44:6a:2e:09:c7:b1,eduroam,IBSS,4N-right,50,5,5785,-9.6357,-0.1388,1.8173,359.8193452850737,0.8109796829762608,-79.31943079365412,-86,36.1875,43.375,-6.6875,EVA-AL10,1534321353516
44:6a:2e:09:c7:c0,XJTLU,IBSS,4N-right,50,5,2437,-9.7492,-0.7468,0.752,349.13795443179697,4.367446217114648,-85.58925075359153,-88,41.25,34.6875,2.875,EVA-AL10,1534322152816
44:6a:2e:09:f4:e1,none,IBSS,4N-right,50,5,none,none,none,none,none,none,none,-110,none,none,none,EVA-AL10,none
44:6a:2e:09:d5:d0,none,IBSS,4N-right,50,5,none,none,none,none,none,none,none,-110,none,none,none,EVA-AL10,none
28:f3:66:a7:a1:c6,Mixers-9744,IBSS,4N-right,50,5,2427,-9.7484,-0.7427,0.7661,347.38074568761226,4.343428710671944,-85.50651667217515,-85,40.75,36.0625,4.1875,EVA-AL10,1534322152953
44:6a:2e:09:c0:f0,XJTLU,IBSS,4N-right,50,5,5745,-9.629399,-0.8042,1.6726999,346.73085489563283,4.7038654771363335,-80.14561730584803,-79,42.75,33.8125,-0.1875,EVA-AL10,1534322165068
