4c:fa:ca:1f:41:40,0
9c:50:ee:3f:9c:61,1
88:25:93:61:65:78,2
9c:50:ee:30:45:20,3
ac:4e:91:4b:eb:c0,4
9c:50:ee:30:38:c1,5
9c:50:ee:3f:a1:e1,6
9c:50:ee:30:46:20,7
9c:50:ee:30:39:e0,8
00:34:cb:48:94:aa,9
9c:50:ee:3f:90:60,10
a8:58:40:59:b5:01,11
9c:50:ee:3f:90:20,12
9c:50:ee:30:42:21,13
ac:4e:91:61:1f:81,14
0e:18:d6:95:93:1e,15
9c:50:ee:3f:76:41,16
8c:f2:28:27:62:84,17
9c:50:ee:3f:a2:e1,18
ac:4e:91:49:fb:a1,19
9c:50:ee:3f:73:00,20
ac:4e:91:61:20:a1,21
8c:ab:8e:13:aa:3c,22
9c:50:ee:3f:8b:21,23
9c:50:ee:3f:92:a0,24
ac:4e:91:61:20:80,25
9c:50:ee:3f:89:80,26
9c:50:ee:3f:99:c1,27
90:72:40:16:ca:00,28
9c:50:ee:3f:71:81,29
9c:50:ee:30:45:60,30
6e:72:e7:3f:05:1e,31
a4:56:02:f0:35:c3,32
c2:9f:db:e9:97:7b,33
9c:50:ee:3f:91:c1,34
ac:4e:91:61:20:a0,35
0a:18:d6:95:93:1e,36
d2:75:d5:80:84:cd,37
bc:46:99:61:5b:78,38
9c:50:ee:3f:79:60,39
ac:4e:91:49:fb:a0,40
a8:58:40:59:a8:40,41
00:71:cc:2b:d0:7f,42
9c:50:ee:3f:9e:61,43
9c:50:ee:3f:74:20,44
ac:4e:91:61:21:80,45
c8:3a:35:49:60:44,46
80:89:17:e8:e7:f8,47
9c:50:ee:3f:8b:20,48
9c:50:ee:3f:9e:60,49
9c:50:ee:3f:91:20,50
b0:75:d5:80:5c:8c,51
9c:50:ee:3f:8f:e1,52
9c:50:ee:3f:90:a0,53
ac:4e:91:61:1f:80,54
9c:50:ee:30:43:01,55
9c:50:ee:30:30:c0,56
a4:56:02:f0:35:c1,57
b0:75:d5:5f:d4:3b,58
9c:50:ee:3f:71:e1,59
9c:50:ee:3f:99:00,60
9c:50:ee:3f:7e:60,61
9c:50:ee:3f:8b:01,62
9c:50:ee:3f:9e:e0,63
9c:50:ee:3f:91:e1,64
ac:4e:91:4b:eb:c1,65
9c:50:ee:30:31:20,66
9c:50:ee:3f:91:60,67
9c:50:ee:3f:91:61,68
12:18:d6:95:93:1e,69
9c:50:ee:3f:95:a0,70
9c:50:ee:3f:72:a0,71
ac:4e:91:61:20:81,72
9c:50:ee:3f:73:20,73
78:eb:14:e7:2a:82,74
9c:50:ee:3f:92:a1,75
9c:50:ee:3f:7e:e1,76
9c:50:ee:3f:92:41,77
9c:50:ee:30:3f:c1,78
b0:75:d5:5f:c5:2f,79
9c:50:ee:3f:92:81,80
b0:75:d5:5f:c5:37,81
9c:50:ee:3f:9c:a0,82
ac:4e:91:61:21:a1,83
9c:50:ee:30:31:21,84
ec:17:2f:4a:cf:fc,85
9c:50:ee:30:37:a0,86
ac:4e:91:61:1f:c0,87
9c:50:ee:3f:9f:20,88
9c:50:ee:3f:a1:e0,89
9c:50:ee:3f:75:c1,90
d4:ee:07:01:9d:4e,91
ac:4e:91:61:1f:e1,92
9c:50:ee:30:39:e1,93
9c:50:ee:3f:71:80,94
9c:50:ee:30:45:61,95
9c:50:ee:30:30:80,96
e2:75:d5:80:84:cd,97
9c:50:ee:3f:8d:21,98
9c:50:ee:3f:8b:a0,99
9c:50:ee:30:45:c1,100
9c:50:ee:30:46:21,101
9c:50:ee:3f:92:80,102
ac:4e:91:49:fc:c0,103
9c:50:ee:3f:9c:21,104
3c:46:d8:58:64:c9,105
b0:75:d5:5f:d4:38,106
9c:50:ee:3f:98:c0,107
ac:4e:91:61:1f:c1,108
ac:4e:91:49:fd:41,109
a8:58:40:59:a8:41,110
9c:50:ee:3f:8b:00,111
9c:50:ee:30:37:a1,112
9c:50:ee:30:30:c1,113
9c:50:ee:3f:95:a1,114
9c:50:ee:3f:8f:e0,115
9c:50:ee:3f:8a:61,116
9c:50:ee:3f:7e:e0,117
c2:75:d5:80:84:cd,118
9c:50:ee:3f:a2:e0,119
a8:15:4d:f5:f1:26,120
9c:50:ee:3f:8b:a1,121
9c:50:ee:3f:9d:a1,122
9c:50:ee:3f:8a:60,123
9c:50:ee:30:34:00,124
28:2c:b2:fd:07:b9,125
ec:26:ca:d6:62:39,126
9c:50:ee:30:30:81,127
ac:4e:91:61:21:61,128
9c:50:ee:3f:8a:40,129
9c:50:ee:30:35:01,130
9c:50:ee:3f:84:a0,131
9c:50:ee:30:45:21,132
9c:50:ee:3f:75:c0,133
9c:50:ee:3f:8d:20,134
9c:50:ee:3f:91:e0,135
00:1e:a8:08:bc:a3,136
ac:4e:91:61:1f:e0,137
9c:50:ee:3f:93:a1,138
a8:58:40:59:ac:81,139
9c:50:ee:30:36:81,140
52:a5:89:79:19:ab,141
ac:4e:91:61:21:81,142
9c:50:ee:3f:92:40,143
b0:75:d5:5f:d4:57,144
9c:50:ee:3f:93:80,145
9c:50:ee:3f:89:81,146
9c:50:ee:3f:93:a0,147
9c:50:ee:3f:73:01,148
dc:fe:18:58:fd:3a,149
9c:50:ee:3f:91:21,150
9c:50:ee:30:45:c0,151
9c:50:ee:3f:76:40,152
9c:50:ee:3f:90:a1,153
9c:50:ee:3f:7e:61,154
9c:50:ee:3f:79:61,155
9c:50:ee:30:42:20,156
38:46:08:c9:87:0c,157
9c:50:ee:30:3d:c0,158
9c:50:ee:3f:9e:a1,159
b0:75:d5:80:84:cd,160
9c:50:ee:3f:9c:a1,161
9c:50:ee:3f:73:21,162
9c:50:ee:30:3f:c0,163
9c:50:ee:3f:8a:20,164
9c:50:ee:3f:99:c0,165
9c:50:ee:3f:99:01,166
9c:50:ee:3f:71:e0,167
9c:50:ee:3f:8d:a1,168
9c:50:ee:3f:74:21,169
d4:b1:10:ac:62:41,170
a8:58:40:59:ab:e0,171
4c:e6:76:64:df:00,172
9c:50:ee:30:36:80,173
9c:50:ee:3f:74:81,174
9c:50:ee:3f:9e:e1,175
9c:50:ee:3f:90:80,176
9c:50:ee:3f:a2:20,177
9c:50:ee:3f:9e:a0,178
ac:4e:91:61:21:60,179
9c:50:ee:3f:a0:c1,180
d8:c8:e9:52:da:60,181
9c:50:ee:3f:90:81,182
9c:50:ee:3f:a2:21,183
ac:4e:91:49:fc:c1,184
9c:50:ee:3f:98:c1,185
9c:50:ee:3f:90:21,186
9c:50:ee:3f:90:61,187
9c:50:ee:3f:9d:a0,188
9c:50:ee:3f:9c:60,189
ac:4e:91:49:fd:40,190
9c:50:ee:3f:8a:21,191
cc:34:29:6d:f3:56,192
b0:75:d5:5f:d3:b1,193
a8:58:40:59:ac:80,194
9c:50:ee:3f:91:c0,195
9c:50:ee:3f:9f:21,196
9c:50:ee:3f:93:81,197
bc:85:56:78:5b:90,198
9c:50:ee:3f:74:80,199
